id,cod_entrevist,fecha,id_casa,edad,sexo,niv_eco,estudios,chiri_mod,chiri_cabz,chiri_cuerp,chiri_lug_mod,chiri_sign_mod,chiri_enfer,chiri_encontro,chiri_last_year,chiri_ahora_report_mod,agente,inspecc_ult_year,inspec_gratis,fumiga_permi,bodega,app_use_mod,imag_volant,hora_fin,datos_perdidos,tiempo_encuesta,obs
17,vanessa_rendon,2023-04-04,1.7.24.780,60,1,6,5,1,1,3,1,1,1,99,99,1,0,99,1,1,1,1,1,2023-04-26 08:30:00,0, 11 mins,
18,vanessa_rendon,2023-04-04,1.7.24.627,62,1,2,5,1,1,3,1,1,1,0,0,1,0,0,1,0,0,3,0,2023-04-26 09:31:00,0, 40 mins,
19,vanessa_rendon,2023-04-04,1.7.24.1158,39,1,1,3,1,1,3,3,2,1,0,1,1,0,0,1,1,1,2,0,2023-04-26 10:59:00,0, 32 mins,
20,vanessa_rendon,2023-04-04,1.7.24.1165,60,1,1,3,2,4,4,2,1,1,0,0,1,0,0,1,1,1,2,0,2023-04-26 11:29:00,0, 29 mins,
21,vanessa_rendon,2023-04-04,1.7.24.1227,85,2,5,2,1,3,3,1,1,1,0,0,1,0,1,1,1,1,1,1,2023-04-26 13:09:00,0, 59 mins,La casa es tienda
22,arlet_reyes,2023-04-04,1.25.4.175,44,1,1,3,4,2,3,2,1,1,0,0,1,0,0,1,1,1,1,0,2023-04-26 12:43:00,0,  7 mins,
23,lina_mollesaca,2023-04-04,1.25.26.1468,50,2,2,3,2,3,3,2,2,1,1,0,1,0,0,1,1,1,1,1,2023-04-26 09:03:00,0,  8 mins,
24,lina_mollesaca,2023-04-04,1.25.26.1574,62,1,2,3,2,2,2,2,1,1,0,0,1,0,0,1,1,1,1,1,2023-04-26 10:22:00,0,  6 mins,
25,lina_mollesaca,2023-04-04,1.25.26.1546,26,1,4,4,1,2,3,2,2,0,0,0,1,0,0,99,1,1,3,1,2023-04-26 10:47:00,0,  8 mins,
26,lina_mollesaca,2023-04-04,1.25.26.1496,30,1,1,3,1,2,2,2,2,1,0,0,1,0,1,99,99,1,3,1,2023-04-26 11:32:00,0,  6 mins,
27,lina_mollesaca,2023-04-04,1.25.26.830,61,2,2,3,2,2,3,2,2,1,0,0,1,0,0,1,1,1,1,1,2023-04-26 12:40:00,0,  5 mins,
28,lina_mollesaca,2023-04-04,1.25.26.873,52,2,2,4,3,3,3,3,1,99,99,0,1,99,0,1,1,0,2,0,2023-04-26 13:08:00,0,  4 mins,
29,roger_quispe,2023-04-04,1.7.34.61,26,1,4,5,3,3,3,2,1,1,0,0,1,0,0,0,99,1,3,0,2023-04-26 10:18:00,0, 23 mins,
30,roger_quispe,2023-04-04,1.7.35.86,25,2,4,5,2,4,3,2,1,1,0,0,1,0,0,1,1,1,2,0,2023-04-26 12:14:00,0,  9 mins,
31,roger_quispe,2023-04-04,1.7.35.84,35,2,2,5,1,1,4,2,1,1,0,0,2,0,0,1,1,1,4,1,2023-04-26 12:30:00,0, 10 mins,
32,roger_quispe,2023-04-04,1.7.35.12,22,2,4,5,1,1,2,2,2,0,0,0,1,1,0,1,1,1,4,1,2023-04-26 13:05:00,0, 10 mins,
33,jacqueline_cardenas,2023-04-04,1.7.30.188,59,1,1,3,1,2,3,1,1,1,0,0,1,0,0,1,1,1,2,1,2023-04-26 08:44:00,0,  7 mins,
34,jacqueline_cardenas,2023-04-04,1.7.34.73,63,1,1,3,2,2,3,2,1,1,0,0,1,0,0,1,1,1,1,1,2023-04-26 10:33:00,0,  6 mins,
35,jacqueline_cardenas,2023-04-04,1.7.34.82,39,2,2,4,1,2,3,2,2,1,0,0,1,0,0,0,0,1,1,1,2023-04-26 11:15:00,0,  8 mins,
36,jacqueline_cardenas,2023-04-04,1.7.35.10,21,1,4,5,1,2,2,1,1,1,0,0,1,0,0,99,99,0,2,0,2023-04-26 12:44:00,0,  5 mins,
38,zenaida_carhua,2023-04-04,1.25.23.4,49,1,2,2,5,2,3,3,1,1,0,0,1,0,0,1,1,1,2,1,2023-04-26 09:44:00,0, 11 mins,
39,zenaida_carhua,2023-04-04,1.25.33.194,36,1,3,5,3,2,2,2,1,1,99,0,2,0,0,1,1,1,4,0,2023-04-26 11:22:00,0, 12 mins,
40,zenaida_carhua,2023-04-04,1.25.29.35,49,2,3,3,2,3,3,2,1,1,0,0,1,0,0,1,1,1,2,0,2023-04-26 13:15:00,0, 11 mins,
41,zenaida_carhua,2023-04-04,1.25.29.54,65,2,6,2,1,2,2,3,1,1,0,0,1,0,0,1,1,0,1,0,2023-04-26 13:54:00,0, 10 mins,
42,marjorie_llerena,2023-04-04,1.25.3.231,53,1,2,4,3,2,3,3,1,1,0,0,1,0,0,1,1,1,1,0,2023-04-26 08:24:00,0,  6 mins,
43,marjorie_llerena,2023-04-04,1.25.3.242,38,2,2,3,1,3,3,2,1,1,0,0,1,0,0,1,1,1,2,0,2023-04-26 08:41:00,0,  9 mins,
44,marjorie_llerena,2023-04-04,1.25.4.226,43,2,2,4,3,2,3,1,2,1,0,0,1,0,0,1,1,0,2,0,2023-04-26 09:15:00,0, 14 mins,
45,marjorie_llerena,2023-04-04,1.25.4.225,48,1,2,4,2,1,1,2,1,1,1,1,1,0,0,1,1,1,2,1,2023-04-26 09:33:00,0, 16 mins,"Encontro chirimachas y la mataron porque no habia quien la reporte ,cerca de la vivienda encuestada"
46,marjorie_llerena,2023-04-04,1.25.4.165,21,2,4,5,1,99,99,1,1,1,0,0,1,0,0,1,1,1,4,0,2023-04-26 10:13:00,0, 27 mins,
47,marjorie_llerena,2023-04-04,1.25.4.114,50,2,2,4,1,3,3,2,1,1,0,0,1,0,0,0,1,0,2,0,2023-04-26 10:23:00,0,  9 mins,"En la pregunta 36 respondio que no, ya que el señor tiene tienda"
48,marjorie_llerena,2023-04-04,1.25.4.10,41,1,2,2,2,2,2,2,2,99,99,0,1,0,0,1,1,1,2,1,2023-04-26 11:00:00,0, 25 mins,
49,marjorie_llerena,2023-04-04,1.25.3.569,28,1,2,3,1,1,3,1,1,1,0,0,1,0,0,1,1,1,1,1,2023-04-26 13:22:00,0,  2 mins,
50,marjorie_llerena,2023-04-04,1.25.3.410,54,2,2,3,1,3,1,1,1,1,0,0,1,99,0,0,1,1,2,0,2023-04-26 13:56:00,0, 32 mins,
51,maria_palaco,2023-04-04,1.25.19.52,20,2,4,3,1,1,3,2,1,99,99,0,1,0,0,1,0,1,3,0,2023-04-26 09:21:00,0, 26 mins,
52,maria_palaco,2023-04-04,1.25.20.51,20,1,4,3,2,3,3,3,2,1,0,0,1,0,0,1,1,1,4,0,2023-04-26 09:47:00,0,  9 mins,
54,junior_vilca,2023-04-04,1.25.20.19,39,2,7,4,2,1,3,2,2,1,0,0,1,0,0,1,1,1,4,0,2023-04-26 09:32:00,0,  4 mins,
55,junior_vilca,2023-04-04,1.25.21A.5,64,1,1,3,4,3,3,2,2,1,0,0,1,0,0,1,1,1,1,0,2023-04-26 10:22:00,0,  4 mins,
56,manuel_ysidro,2023-04-04,1.7.36.187,52,1,2,3,2,2,3,2,1,1,0,0,1,0,0,99,1,1,3,0,2023-04-26 11:41:00,0, 11 mins,
57,manuel_ysidro,2023-04-04,1.7.36.169,45,1,1,3,1,3,1,2,1,1,0,0,1,0,0,1,1,0,2,0,2023-04-26 12:02:00,0,  9 mins,
58,manuel_ysidro,2023-04-04,1.7.36.139,31,1,1,4,2,2,2,1,1,1,0,0,1,0,0,1,1,1,4,0,2023-04-26 12:25:00,0,  6 mins,
59,manuel_ysidro,2023-04-04,1.7.36.107,56,1,2,3,4,1,3,3,1,1,1,0,1,0,0,1,1,0,3,0,2023-04-26 12:54:00,0, 17 mins,
60,claudia_gonzales,2023-04-04,1.11.1.54,50,2,2,5,2,1,3,2,1,1,0,0,1,99,0,1,1,1,2,0,2023-04-26 08:33:00,0, 10 mins,
61,claudia_gonzales,2023-04-04,1.11.2.159,48,2,2,4,2,3,3,1,1,1,99,0,1,99,0,1,1,1,2,0,2023-04-26 09:47:00,0, 13 mins,
62,rafhaela_manzaneda,2023-04-04,1.11.1.121,60,1,1,5,2,2,3,2,1,1,1,0,1,0,1,1,1,1,1,0,2023-04-26 08:58:00,0, 23 mins,
63,rafhaela_manzaneda,2023-04-04,1.11.2.214,30,1,1,3,1,2,3,1,1,1,0,0,1,0,0,1,1,1,2,1,2023-04-26 10:03:00,0, 10 mins,
64,jhonatan_ram,2023-04-04,1.25.26.1602,24,2,4,5,3,2,3,3,2,1,99,0,1,99,0,99,99,1,1,1,2023-04-26 10:05:00,0,  7 mins,
65,bryan_florez,2023-04-04,1.7.36.360A,64,2,2,3,2,1,1,2,2,1,1,0,1,0,0,1,1,1,2,0,2023-04-26 08:47:00,0, 12 mins,
66,bryan_florez,2023-04-04,1.7.36.352,42,2,3,5,4,1,3,2,1,1,0,0,1,0,0,1,1,1,3,1,2023-04-26 09:06:00,0,  9 mins,
67,bryan_florez,2023-04-04,1.7.36.312,20,2,2,3,3,2,3,3,1,1,0,0,1,0,0,1,1,1,4,1,2023-04-26 09:43:00,0,  8 mins,
68,bryan_florez,2023-04-04,1.7.37.205,27,1,1,3,2,3,1,3,2,1,0,1,1,0,0,1,1,1,3,0,2023-04-26 10:26:00,0,  8 mins,
69,bryan_florez,2023-04-04,1.7.36.254,48,1,1,4,3,1,3,2,1,1,0,0,1,0,0,1,1,1,4,0,2023-04-26 11:11:00,0,  7 mins,
70,bryan_florez,2023-04-05,1.7.36.52,65,2,2,5,1,99,3,6,1,1,0,0,1,0,0,1,1,1,2,0,2023-04-26 07:50:00,0,  7 mins,
71,bryan_florez,2023-04-05,1.7.36.145,66,1,2,2,2,3,1,2,1,1,0,0,1,0,0,1,1,1,1,0,2023-04-26 08:30:00,0,  6 mins,
72,bryan_florez,2023-04-05,1.7.37.123,54,1,1,3,1,1,3,2,1,1,0,0,1,0,0,0,1,1,1,0,2023-04-26 09:23:00,0, 10 mins,
73,manuel_ysidro,2023-04-05,1.7.37.52,30,1,1,3,1,3,1,3,1,1,0,0,1,0,1,1,1,1,4,1,2023-04-26 11:27:00,0, 17 mins,En la vivienda viven varias familias
74,manuel_ysidro,2023-04-05,1.7.36.10,44,2,2,5,4,1,2,3,2,1,0,0,1,0,0,1,0,1,3,0,2023-04-26 08:15:00,0,  6 mins,
75,manuel_ysidro,2023-04-05,1.7.37.22,55,1,1,3,2,1,3,1,1,1,0,0,1,0,0,0,1,1,1,1,2023-04-26 11:49:00,0, 14 mins,
76,maria_palaco,2023-04-05,1.25.17.145,60,2,5,3,4,1,3,3,1,1,0,0,1,0,0,0,1,1,3,0,2023-04-26 08:37:00,0, 14 mins,
77,maria_palaco,2023-04-05,1.25.21.571,64,2,2,3,2,2,3,2,1,1,0,0,1,0,1,1,1,1,2,0,2023-04-26 10:05:00,0, 16 mins,
78,maria_palaco,2023-04-05,1.25.21.463,71,1,1,2,2,99,99,2,1,1,0,0,1,0,0,0,0,0,1,0,2023-04-26 10:57:00,0,  7 mins,
79,maria_palaco,2023-04-05,1.25.21.376,40,2,2,2,1,99,99,1,1,1,0,0,1,99,0,0,1,1,2,0,2023-04-26 11:32:00,0,  3 mins,
80,junior_vilca,2023-04-05,1.25.21.685,77,2,5,5,1,99,99,1,1,1,0,0,1,0,0,1,1,0,4,0,2023-04-26 09:06:00,0,  5 mins,
81,junior_vilca,2023-04-05,1.25.21.572,46,2,1,5,1,1,3,2,1,1,0,0,1,0,0,1,1,1,4,1,2023-04-26 10:17:00,0, 10 mins,
82,junior_vilca,2023-04-05,1.25.21.754,28,1,1,5,2,1,2,2,2,1,0,0,1,1,0,1,1,1,4,1,2023-04-26 11:16:00,0,  6 mins,
83,junior_vilca,2023-04-05,1.25.21.504,42,2,3,6,2,1,3,5,3,1,0,1,1,0,1,1,1,1,4,1,2023-04-26 11:49:00,0,  6 mins,
84,marjorie_llerena,2023-04-05,1.25.6.74,65,2,2,3,1,99,99,1,1,1,0,0,1,0,0,0,1,1,2,1,2023-04-26 08:24:00,0, 45 mins,
85,marjorie_llerena,2023-04-05,1.25.6.8,46,1,1,5,1,3,3,1,1,1,0,0,1,0,0,1,1,1,3,1,2023-04-26 08:35:00,0, 10 mins,
86,marjorie_llerena,2023-04-05,1.25.6.92,67,2,5,4,2,1,3,2,2,1,0,0,1,0,0,1,1,1,3,0,2023-04-26 09:09:00,0, 30 mins,
87,marjorie_llerena,2023-04-05,1.25.6.130,61,1,1,4,4,1,3,3,2,1,0,0,1,0,0,1,1,1,1,0,2023-04-26 09:21:00,0,  9 mins,
88,marjorie_llerena,2023-04-05,1.25.3.74,24,2,3,5,2,2,3,2,1,1,0,0,1,99,0,0,1,1,2,0,2023-04-26 09:51:00,0, 27 mins,
89,marjorie_llerena,2023-04-05,1.25.3.16,31,2,2,3,1,2,3,2,2,1,0,0,1,0,0,1,1,1,2,1,2023-04-26 10:11:00,0, 18 mins,
90,marjorie_llerena,2023-04-05,1.25.4.234,24,2,2,4,1,2,1,1,1,1,0,0,1,0,0,0,1,1,4,0,2023-04-26 10:44:00,0, 33 mins,
91,marjorie_llerena,2023-04-05,1.25.3.438,30,1,2,4,1,1,3,2,1,1,0,0,1,0,0,1,1,1,1,0,2023-04-26 11:54:00,0, 70 mins,
92,arlet_reyes,2023-04-05,1.25.3.182,53,1,2,3,2,2,3,2,1,1,0,0,1,0,0,0,0,0,1,0,2023-04-26 10:47:00,0, 12 mins,
93,arlet_reyes,2023-04-05,1.25.3.443,58,1,2,3,1,1,3,2,1,1,0,0,1,0,0,1,1,0,2,0,2023-04-26 11:42:00,0, 10 mins,
94,arlet_reyes,2023-04-05,1.25.3.430,28,1,2,5,2,2,3,2,2,1,0,0,1,0,0,1,1,1,4,0,2023-04-26 12:10:00,0,  6 mins,
95,lina_mollesaca,2023-04-05,1.25.26.2663,25,1,4,5,2,2,3,2,2,99,0,0,1,0,0,1,1,0,3,0,2023-04-26 08:57:00,0,  5 mins,
96,lina_mollesaca,2023-04-05,1.25.26.2682,62,2,5,4,1,3,3,2,1,1,0,0,1,0,0,1,1,1,1,0,2023-04-26 09:14:00,0,  4 mins,
97,lina_mollesaca,2023-04-05,1.25.26.2640,56,1,1,3,2,2,3,1,1,99,0,0,1,0,0,1,1,1,1,1,2023-04-26 09:38:00,0,  5 mins,
98,lina_mollesaca,2023-04-05,1.25.26.2399,29,1,2,4,2,3,1,2,1,99,0,0,1,0,0,99,99,1,3,0,2023-04-26 11:03:00,0,  4 mins,
99,lina_mollesaca,2023-04-05,1.25.26.2633,61,2,2,3,2,3,3,2,1,1,0,0,1,0,0,99,1,1,1,0,2023-04-26 11:52:00,0,  3 mins,
100,lina_mollesaca,2023-04-05,1.25.26.2350,25,1,2,4,2,2,2,1,1,99,0,0,1,0,0,99,99,1,3,0,2023-04-26 12:08:00,0,  3 mins,
101,roger_quispe,2023-04-05,1.7.31.64,30,1,1,3,2,2,3,2,1,1,0,0,1,0,0,1,1,1,2,1,2023-04-26 08:24:00,0, 12 mins,
102,roger_quispe,2023-04-05,1.7.31.34,72,1,1,3,4,3,1,3,1,1,0,0,2,0,0,1,1,1,1,1,2023-04-26 08:58:00,0, 11 mins,
103,roger_quispe,2023-04-05,1.7.31.26,25,1,2,5,2,3,2,2,1,1,0,0,1,0,0,1,1,1,4,0,2023-04-26 09:36:00,0, 35 mins,
104,roger_quispe,2023-04-05,1.7.33.19,35,1,1,3,2,3,1,2,1,1,0,0,1,99,1,99,99,1,2,0,2023-04-26 10:33:00,0, 23 mins,
105,jacqueline_cardenas,2023-04-05,1.7.30.145A,50,2,2,4,1,99,3,2,1,1,0,0,1,0,0,1,1,1,2,0,2023-04-26 07:37:00,0,  5 mins,
106,jacqueline_cardenas,2023-04-05,1.7.31.14,35,2,2,4,2,1,3,1,1,1,0,0,1,99,0,1,1,1,2,0,2023-04-26 09:21:00,0,  4 mins,
107,jacqueline_cardenas,2023-04-05,1.7.33.29,93,2,5,3,2,3,2,1,1,1,0,0,1,0,1,0,0,0,1,1,2023-04-26 11:00:00,0, 10 mins,
108,jacqueline_cardenas,2023-04-05,1.7.31.11,40,1,1,5,1,1,2,3,1,1,0,0,1,0,0,1,1,1,1,1,2023-04-26 11:54:00,0,  5 mins,
109,vanessa_rendon,2023-04-05,1.7.24.613,58,1,2,99,1,3,3,1,1,0,0,0,1,0,0,1,1,1,1,0,2023-04-26 08:01:00,0, 24 mins,
110,vanessa_rendon,2023-04-05,1.7.24.881,42,1,2,3,1,1,1,1,2,0,0,0,1,0,0,0,0,0,1,0,2023-04-26 08:38:00,0, 36 mins,
111,vanessa_rendon,2023-04-05,1.7.24.941,72,1,1,3,1,2,3,2,1,1,0,0,1,0,0,1,1,1,2,0,2023-04-26 09:07:00,0, 27 mins,
112,vanessa_rendon,2023-04-05,1.7.24.1015,27,2,2,5,1,1,3,1,1,1,0,0,1,0,0,1,1,1,3,0,2023-04-26 09:45:00,0, 30 mins,
113,vanessa_rendon,2023-04-05,1.7.24.984,58,1,1,2,2,2,3,2,1,99,0,0,1,0,1,1,1,1,2,0,2023-04-26 10:21:00,0, 29 mins,
114,vanessa_rendon,2023-04-05,1.7.24.497,33,2,3,5,1,1,3,1,1,1,0,0,1,0,0,1,1,1,3,1,2023-04-26 11:02:00,0, 33 mins,
115,vanessa_rendon,2023-04-05,1.7.24.504,38,1,2,3,3,3,3,2,1,1,0,0,1,0,0,1,1,0,3,0,2023-04-26 12:14:00,0, 52 mins,
116,claudia_gonzales,2023-04-05,1.11.1.170,22,1,4,5,1,3,3,2,1,1,0,0,1,0,0,1,1,1,4,0,2023-04-26 08:12:00,0,  7 mins,
117,claudia_gonzales,2023-04-05,1.11.10.62,55,1,1,4,1,3,1,2,1,1,0,0,1,0,0,0,99,1,2,0,2023-04-26 09:09:00,0, 39 mins,
118,claudia_gonzales,2023-04-05,1.11.10.3,64,1,2,5,3,3,3,2,3,1,0,0,1,0,1,1,0,1,2,0,2023-04-26 11:32:00,0, 19 mins,"Es un local, en el que hay farmacia y centro dental."
119,claudia_gonzales,2023-04-05,1.11.3.491,49,2,2,4,1,1,3,5,2,1,99,99,1,99,99,1,1,1,1,1,2023-04-26 12:25:00,0, 28 mins,
120,claudia_gonzales,2023-04-05,1.11.3.673,32,2,3,4,1,2,2,2,1,1,99,0,1,0,0,1,1,0,4,0,2023-04-26 13:49:00,0, 45 mins,
121,rafhaela_manzaneda,2023-04-05,1.11.2.289,81,2,2,3,2,3,3,1,1,1,99,1,1,0,1,1,1,1,1,1,2023-04-26 08:12:00,0, 40 mins,
122,rafhaela_manzaneda,2023-04-05,1.11.1.98,,1,3,5,3,2,3,1,1,99,0,0,1,0,1,1,1,0,2,0,2023-04-26 09:09:00,1,  0 mins,No quiso decir su edad
123,rafhaela_manzaneda,2023-04-05,1.11.3.454,31,2,2,4,2,1,3,1,1,1,0,0,1,0,1,1,1,0,1,0,2023-04-26 12:40:00,0, 33 mins,
124,rafhaela_manzaneda,2023-04-05,1.11.3.444,38,2,2,3,1,1,3,1,1,1,0,0,1,0,1,1,1,1,1,1,2023-04-26 13:52:00,0, 48 mins,
125,vanessa_rendon,2023-04-10,1.7.24.1223,18,1,4,3,2,1,2,3,2,1,0,0,1,0,0,1,1,1,2,0,2023-04-26 08:09:00,0, 37 mins,
126,vanessa_rendon,2023-04-10,1.7.24.1444,40,1,1,5,1,3,3,1,1,1,0,0,1,0,0,1,1,1,1,0,2023-04-26 08:57:00,0, 39 mins,
127,vanessa_rendon,2023-04-10,1.7.24.1324,81,1,1,2,1,2,1,1,1,1,0,0,1,0,0,1,1,0,1,0,2023-04-26 09:46:00,0, 34 mins,
128,vanessa_rendon,2023-04-10,1.7.24.1219,36,2,2,4,1,3,1,1,1,99,0,0,1,0,0,1,1,1,2,1,2023-04-26 10:34:00,0, 38 mins,
129,vanessa_rendon,2023-04-10,1.7.28.38,52,2,2,5,1,4,3,2,1,1,0,0,1,0,0,1,1,1,2,0,2023-04-26 11:23:00,0, 39 mins,
130,vanessa_rendon,2023-04-10,1.7.28.40,62,2,2,5,1,1,3,1,1,0,0,0,2,0,0,0,1,,,,2023-04-26 12:13:00,3, 35 mins,no quiso contestar las 3 últimas preguntas
131,vanessa_rendon,2023-04-10,1.7.27.218,27,1,1,3,2,2,3,1,1,1,0,0,1,0,0,1,1,1,3,0,2023-04-26 14:01:00,0, 35 mins,
132,arlet_reyes,2023-04-10,1.25.3.837,43,1,2,4,4,1,3,3,1,1,0,1,1,99,99,1,1,0,2,0,2023-04-26 08:58:00,0,  6 mins,
133,arlet_reyes,2023-04-10,1.25.3.804A,19,1,4,5,2,1,2,2,1,1,0,0,1,0,0,1,1,1,4,1,2023-04-26 09:31:00,0,  4 mins,
134,arlet_reyes,2023-04-10,1.25.3.247,44,1,1,3,2,1,3,1,1,1,0,0,1,0,0,0,1,0,1,0,2023-04-26 11:14:00,0,  4 mins,
135,marjorie_llerena,2023-04-10,1.25.3.944,83,2,2,2,1,2,3,2,1,1,0,0,1,0,0,0,0,0,1,0,2023-04-26 08:43:00,0, 99 mins,
136,marjorie_llerena,2023-04-10,1.25.3.1000,31,1,3,5,2,2,3,2,1,1,0,0,1,0,0,0,0,0,2,0,2023-04-26 09:18:00,0, 35 mins,
137,marjorie_llerena,2023-04-10,1.25.3.1017,59,1,2,3,2,2,3,2,1,1,0,0,1,0,0,0,1,1,2,0,2023-04-26 09:39:00,0, 21 mins,
138,marjorie_llerena,2023-04-10,1.25.3.1103,42,1,2,3,2,2,3,2,1,0,0,0,1,0,0,0,1,1,3,0,2023-04-26 10:18:00,0, 38 mins,
139,marjorie_llerena,2023-04-10,1.25.3.1001,53,1,2,2,2,2,3,3,1,1,0,0,1,0,0,0,1,1,1,0,2023-04-26 11:08:00,0, 50 mins,
140,marjorie_llerena,2023-04-10,1.25.3.988,67,2,5,4,1,2,3,2,1,1,0,0,1,0,0,1,1,1,1,0,2023-04-26 12:03:00,0, 55 mins,
141,marjorie_llerena,2023-04-10,1.25.3.940,49,1,2,3,2,1,3,2,1,1,0,0,1,0,0,1,1,0,2,0,2023-04-26 12:52:00,0, 49 mins,
142,marjorie_llerena,2023-04-10,1.25.3.1035,70,2,6,3,1,1,3,2,1,1,0,0,1,0,0,0,1,1,1,0,2023-04-26 13:04:00,0, 12 mins,
143,maria_palaco,2023-04-10,1.25.22.73,76,1,1,2,1,99,99,1,1,1,0,0,1,0,0,0,1,1,1,0,2023-04-26 07:42:00,0,  6 mins,
144,maria_palaco,2023-04-10,1.25.22.228,68,2,2,3,1,1,1,1,1,1,0,0,1,0,0,1,1,1,1,0,2023-04-26 08:18:00,0,  4 mins,
145,maria_palaco,2023-04-10,1.25.22.249,54,2,2,5,2,1,3,2,1,1,0,0,2,0,0,1,1,1,2,0,2023-04-26 08:32:00,0,  4 mins,
146,maria_palaco,2023-04-10,1.25.22.330,40,1,2,5,2,1,3,2,2,1,0,0,1,0,0,0,0,1,3,0,2023-04-26 09:24:00,0, 27 mins,
147,maria_palaco,2023-04-10,1.25.22.363,85,1,1,0,3,2,2,1,2,99,0,0,1,0,0,1,1,0,1,0,2023-04-26 11:21:00,0, 54 mins,
148,maria_palaco,2023-04-10,1.25.21.214,45,1,1,3,1,1,3,2,1,1,0,0,1,0,0,1,1,1,4,0,2023-04-26 13:40:00,0, 27 mins,
149,junior_vilca,2023-04-10,1.25.45.114,68,2,5,3,1,2,3,2,1,1,0,0,1,0,1,1,1,1,1,0,2023-04-26 08:52:00,0, 10 mins,
150,junior_vilca,2023-04-10,1.25.45.68,30,2,3,5,2,1,3,3,2,1,0,0,1,0,0,1,1,0,3,1,2023-04-26 09:22:00,0,  5 mins,
151,junior_vilca,2023-04-10,1.25.45.15,55,2,2,3,1,2,3,3,2,1,0,0,1,0,1,1,1,1,1,0,2023-04-26 09:36:00,0, 10 mins,
152,junior_vilca,2023-04-10,1.25.45.194,24,2,2,5,2,2,2,2,2,1,0,0,1,0,0,0,1,1,3,1,2023-04-26 10:12:00,0,  9 mins,
153,junior_vilca,2023-04-10,1.25.9.40,44,2,2,3,2,3,2,2,2,1,0,0,1,0,0,1,1,1,1,1,2023-04-26 11:03:00,0,  9 mins,
154,junior_vilca,2023-04-10,1.25.9.39A,33,2,2,5,2,1,2,2,2,1,0,0,1,0,0,1,1,1,3,1,2023-04-26 11:10:00,0,  7 mins,
155,junior_vilca,2023-04-10,1.25.45.123,35,2,2,5,1,1,3,2,2,1,0,0,1,0,1,1,1,1,4,0,2023-04-26 14:06:00,0,  4 mins,
156,bryan_florez,2023-04-10,1.7.37.2,75,1,1,2,2,1,1,1,1,1,0,0,1,0,0,1,1,1,1,0,2023-04-26 07:39:00,0,  9 mins,
157,bryan_florez,2023-04-10,1.7.39.6,40,1,1,4,1,99,99,1,1,1,0,0,1,0,0,1,1,1,2,1,2023-04-26 09:50:00,0, 12 mins,
158,bryan_florez,2023-04-10,1.7.38.50,62,2,2,3,2,1,3,2,1,1,0,0,1,0,99,1,1,1,4,0,2023-04-26 10:05:00,0,  9 mins,
159,bryan_florez,2023-04-10,1.7.38.28,60,1,1,2,2,1,2,2,1,1,0,0,1,0,0,0,1,1,1,0,2023-04-26 11:53:00,0,  6 mins,
160,manuel_ysidro,2023-04-10,1.7.37.4,36,1,2,5,1,3,3,2,1,1,0,0,1,0,0,0,0,1,1,0,2023-04-26 08:02:00,0, 34 mins,
161,manuel_ysidro,2023-04-10,1.7.37A.11,47,1,1,3,2,1,3,2,2,1,0,0,1,0,1,1,1,1,1,0,2023-04-26 08:54:00,0, 14 mins,
162,manuel_ysidro,2023-04-10,1.7.38.153,77,2,5,2,1,3,1,4,1,99,0,0,1,0,0,1,1,1,1,0,2023-04-26 10:42:00,0,  3 mins,
163,manuel_ysidro,2023-04-10,1.7.39.283,77,2,5,5,2,99,3,1,1,1,0,0,1,0,0,1,1,1,1,0,2023-04-26 12:40:00,0, 33 mins,
164,lina_mollesaca,2023-04-10,1.25.26.2313,18,1,4,3,3,3,2,2,2,1,0,0,1,0,0,1,1,1,3,1,2023-04-26 07:53:00,0,  7 mins,
165,lina_mollesaca,2023-04-10,1.25.26.2295,35,2,2,3,2,3,1,2,1,99,0,0,1,0,0,1,1,1,2,0,2023-04-26 08:14:00,0,  3 mins,
166,lina_mollesaca,2023-04-10,1.25.26.2102,81,2,2,2,2,4,2,2,1,1,0,0,1,0,0,1,1,0,1,0,2023-04-26 08:52:00,0,  3 mins,
167,lina_mollesaca,2023-04-10,1.25.26.2029,70,1,1,2,3,2,3,2,1,1,0,0,1,0,0,1,1,1,1,1,2023-04-26 09:12:00,0,  4 mins,
168,lina_mollesaca,2023-04-10,1.25.26.1930,57,1,1,2,3,3,3,3,1,1,0,0,1,0,1,1,1,1,1,1,2023-04-26 09:50:00,0,  6 mins,
169,lina_mollesaca,2023-04-10,1.25.26.1796,80,1,1,2,1,3,2,2,1,99,0,0,1,0,0,0,99,0,1,0,2023-04-26 10:27:00,0,  5 mins,
170,lina_mollesaca,2023-04-10,1.25.26.1745,79,2,5,2,3,1,3,2,1,1,0,0,1,0,0,1,1,0,1,0,2023-04-26 10:59:00,0,  3 mins,
171,lina_mollesaca,2023-04-10,1.25.26.1399,32,2,2,3,3,2,3,2,1,1,0,0,1,0,0,1,1,1,3,0,2023-04-26 11:55:00,0,  4 mins,
172,lina_mollesaca,2023-04-10,1.25.26.1331,73,1,1,3,2,2,3,2,1,1,0,0,1,0,0,1,99,1,1,0,2023-04-26 13:20:00,0,  3 mins,
173,roger_quispe,2023-04-10,1.7.30.54,58,1,99,99,1,4,3,1,1,0,0,0,1,0,0,1,1,1,2,0,2023-04-26 08:35:00,0, 13 mins,
174,roger_quispe,2023-04-10,1.7.30.7,34,2,2,4,1,1,3,2,1,1,0,0,1,0,0,1,1,1,2,0,2023-04-26 08:52:00,0,  9 mins,
175,roger_quispe,2023-04-10,1.7.31.149,77,1,1,2,2,2,2,3,1,1,0,0,1,0,0,1,1,1,1,0,2023-04-26 09:17:00,0,  9 mins,
176,roger_quispe,2023-04-10,1.7.31.315,31,1,2,5,1,3,3,1,1,0,0,0,1,0,0,1,1,1,4,0,2023-04-26 10:57:00,0, 10 mins,
177,roger_quispe,2023-04-10,1.7.31.196,66,1,2,2,1,3,1,2,1,1,0,0,1,0,0,1,1,1,1,0,2023-04-26 12:40:00,0,  5 mins,
178,roger_quispe,2023-04-10,1.7.33.69,51,2,99,99,3,4,3,1,1,1,1,0,1,1,0,1,1,1,2,0,2023-04-26 13:30:00,0, 10 mins,
179,jacqueline_cardenas,2023-04-10,1.7.30.75,25,1,4,5,3,2,2,2,2,1,0,0,1,1,1,1,1,1,3,0,2023-04-26 08:01:00,0,  7 mins,
180,jacqueline_cardenas,2023-04-10,1.7.30.11,38,1,2,99,1,1,3,2,1,1,0,0,1,0,0,0,1,1,3,1,2023-04-26 08:57:00,0,  4 mins,
181,jacqueline_cardenas,2023-04-10,1.7.30.18,55,1,1,3,2,1,3,2,1,1,0,0,1,1,1,1,1,1,1,1,2023-04-26 09:21:00,0,  8 mins,
182,jacqueline_cardenas,2023-04-10,1.7.31.338,50,2,2,3,1,2,3,2,1,1,0,0,1,0,0,1,1,1,1,0,2023-04-26 10:00:00,0,  5 mins,
183,jacqueline_cardenas,2023-04-10,1.7.31.170,68,1,1,3,1,1,3,1,1,99,0,0,1,0,0,1,1,1,1,1,2023-04-26 12:47:00,0,  4 mins,
184,jacqueline_cardenas,2023-04-10,1.7.34.30,76,2,5,2,1,99,99,1,1,99,0,0,1,0,0,1,1,1,1,0,2023-04-26 13:59:00,0,  5 mins,
185,zenaida_carhua,2023-04-10,1.25.23.55,63,1,2,2,1,99,99,1,1,99,0,0,1,0,0,1,1,1,3,1,2023-04-26 07:57:00,0, 21 mins,
186,zenaida_carhua,2023-04-10,1.25.32.94,32,1,3,3,1,99,99,1,1,1,0,0,1,0,0,0,1,1,2,0,2023-04-26 08:43:00,0, 10 mins,
187,zenaida_carhua,2023-04-10,1.25.31.155,65,2,6,3,1,1,1,1,1,99,0,0,1,0,0,1,1,1,1,0,2023-04-26 11:36:00,0, 13 mins,
188,zenaida_carhua,2023-04-10,1.25.31.176,43,2,2,4,3,1,3,1,1,1,0,0,1,0,0,0,0,0,2,0,2023-04-26 12:14:00,0, 18 mins,
189,claudia_gonzales,2023-04-10,1.11.3.228,38,2,2,3,2,3,3,2,1,1,99,0,1,0,0,1,1,1,3,1,2023-04-26 08:18:00,0, 51 mins,
190,claudia_gonzales,2023-04-10,1.11.3.41,52,2,2,3,2,99,2,4,1,1,0,0,1,99,1,1,1,1,2,1,2023-04-26 09:32:00,0, 39 mins,
191,claudia_gonzales,2023-04-10,1.11.3.1082,69,2,3,5,1,1,3,1,1,1,0,0,1,0,1,0,1,1,1,0,2023-04-26 10:24:00,0, 33 mins,
192,claudia_gonzales,2023-04-10,1.11.3.1063,24,2,2,5,2,1,3,1,1,1,0,0,1,0,0,1,1,1,2,1,2023-04-26 11:47:00,0, 48 mins,
193,claudia_gonzales,2023-04-10,1.11.3.857,53,2,2,4,2,2,3,1,1,1,0,0,1,0,0,1,1,1,2,0,2023-04-26 12:42:00,0, 28 mins,
194,claudia_gonzales,2023-04-10,1.11.3.300,50,2,2,4,2,3,2,1,1,1,0,0,1,0,0,1,1,1,2,0,2023-04-26 13:53:00,0, 47 mins,
195,rafhaela_manzaneda,2023-04-10,1.11.3.230,52,2,2,4,1,1,1,2,1,99,0,0,1,0,1,1,1,1,2,0,2023-04-26 08:21:00,0, 40 mins,
196,rafhaela_manzaneda,2023-04-10,1.11.3.1135,54,1,2,3,1,3,2,1,1,1,0,0,1,0,0,0,1,1,1,0,2023-04-26 09:27:00,0, 44 mins,
197,rafhaela_manzaneda,2023-04-10,1.11.3.984,24,2,2,4,3,2,3,2,1,0,0,0,1,0,99,1,1,1,4,0,2023-04-26 10:42:00,0, 36 mins,
198,rafhaela_manzaneda,2023-04-10,1.11.3.1066,27,2,2,4,2,2,2,2,2,1,0,0,1,0,1,1,1,1,2,0,2023-04-26 11:51:00,0, 50 mins,
199,rafhaela_manzaneda,2023-04-10,1.11.3.808,58,2,2,4,1,4,4,1,1,99,0,0,1,0,0,1,1,1,1,0,2023-04-26 13:00:00,0, 55 mins,
200,rafhaela_manzaneda,2023-04-10,1.11.3.277,,1,2,4,1,2,3,2,1,99,99,0,1,0,99,1,1,0,2,0,2023-04-26 13:50:00,1, 36 mins,No quiso decir su edad.
201,roger_quispe,2023-04-11,1.7.31.82,53,1,1,3,2,2,3,2,1,1,0,0,1,0,0,1,1,1,2,0,2023-04-26 08:44:00,0,  9 mins,
202,roger_quispe,2023-04-11,1.7.31.58,70,1,1,2,1,4,3,1,1,1,0,0,1,0,0,1,1,1,1,0,2023-04-26 08:59:00,0, 15 mins,
203,roger_quispe,2023-04-11,1.7.31.5,23,1,4,5,1,2,3,4,2,1,1,0,2,0,0,1,1,1,4,0,2023-04-26 11:52:00,0, 11 mins,
204,roger_quispe,2023-04-11,1.7.31.23,76,2,5,2,3,1,3,2,1,1,0,0,1,0,0,1,1,1,2,0,2023-04-26 12:06:00,0, 11 mins,
205,jacqueline_cardenas,2023-04-11,1.7.33.19H,42,2,2,4,4,2,3,2,2,1,0,0,1,0,0,1,1,1,2,0,2023-04-26 09:21:00,0,  4 mins,
206,jacqueline_cardenas,2023-04-11,1.7.32.1,62,1,1,3,2,3,4,2,1,1,0,0,1,0,1,1,1,1,1,0,2023-04-26 09:56:00,0,  6 mins,
207,jacqueline_cardenas,2023-04-11,1.7.33.34,44,1,2,3,2,3,2,2,1,1,0,0,1,0,0,1,0,1,2,0,2023-04-26 11:35:00,0,  5 mins,
208,marjorie_llerena,2023-04-11,1.25.6.47,46,1,1,3,1,2,3,2,1,1,0,0,1,0,0,1,1,1,2,1,2023-04-26 08:07:00,0, 10 mins,
209,marjorie_llerena,2023-04-11,1.25.3.94,20,1,4,4,2,2,3,2,1,1,0,0,1,0,0,1,1,1,4,1,2023-04-26 08:30:00,0, 20 mins,
210,marjorie_llerena,2023-04-11,1.25.4.212,50,2,3,3,3,2,3,2,1,99,0,0,1,0,0,0,1,1,2,0,2023-04-26 09:18:00,0, 47 mins,
211,marjorie_llerena,2023-04-11,1.25.5.118,65,1,2,3,2,2,2,2,1,1,0,0,1,0,0,1,1,1,2,0,2023-04-26 09:45:00,0, 27 mins,
212,marjorie_llerena,2023-04-11,1.25.5.125,55,2,2,3,2,3,1,3,1,1,0,0,1,0,0,0,0,1,2,0,2023-04-26 10:15:00,0, 29 mins,
213,marjorie_llerena,2023-04-11,1.25.4.66,26,2,4,4,2,2,2,1,1,0,0,0,1,0,0,0,0,1,4,0,2023-04-26 10:47:00,0, 31 mins,
214,marjorie_llerena,2023-04-11,1.25.3.541,48,1,2,4,1,2,3,2,1,1,0,0,1,0,0,1,1,1,4,0,2023-04-26 11:27:00,0, 37 mins,
215,marjorie_llerena,2023-04-11,1.25.5.132,65,1,2,3,2,2,3,1,1,1,0,0,1,0,0,0,0,0,3,0,2023-04-26 12:18:00,0, 50 mins,
216,arlet_reyes,2023-04-11,1.25.3.656,67,2,5,3,2,1,3,3,1,1,0,0,1,0,0,1,1,1,2,1,2023-04-26 07:58:00,0,  4 mins,
217,arlet_reyes,2023-04-11,1.25.3.925,18,2,4,5,2,2,3,2,2,1,99,0,1,0,0,1,1,1,4,0,2023-04-26 08:21:00,0,  9 mins,
218,arlet_reyes,2023-04-11,1.25.3.883,47,1,3,3,4,2,3,3,1,1,0,0,1,99,0,0,1,1,2,0,2023-04-26 08:42:00,0,  6 mins,
219,arlet_reyes,2023-04-11,1.25.3.741,74,2,5,3,2,1,3,2,1,1,0,0,1,99,0,1,1,1,1,0,2023-04-26 09:14:00,0,  8 mins,
220,maria_palaco,2023-04-11,1.25.45.265,80,1,1,2,2,1,1,1,1,0,0,0,1,0,0,0,0,1,1,0,2023-04-26 07:53:00,0, 14 mins,
221,maria_palaco,2023-04-11,1.25.45.83,38,2,2,4,3,1,3,3,3,1,0,0,1,0,1,1,1,1,4,1,2023-04-26 08:45:00,0, 27 mins,
222,maria_palaco,2023-04-11,1.25.22.236,56,1,2,4,2,3,2,3,1,1,0,0,1,1,0,1,1,1,3,0,2023-04-26 10:20:00,0, 27 mins,
223,maria_palaco,2023-04-11,1.25.22.271,47,2,2,5,4,1,3,2,1,1,0,0,1,0,99,0,1,1,3,1,2023-04-26 10:39:00,0, 17 mins,
224,maria_palaco,2023-04-11,1.25.22.143,26,1,2,5,3,2,3,2,1,1,0,0,1,0,1,1,1,1,4,1,2023-04-26 12:28:00,0, 76 mins,
225,junior_vilca,2023-04-11,1.25.18.84,21,2,4,5,2,1,3,2,2,0,0,0,1,0,0,1,1,1,4,1,2023-04-26 08:17:00,0,  5 mins,
226,junior_vilca,2023-04-11,1.25.18.67,70,2,5,5,2,1,3,2,2,1,0,0,1,0,0,1,1,1,2,1,2023-04-26 08:27:00,0,  8 mins,
227,junior_vilca,2023-04-11,1.25.17.24,42,2,2,5,3,2,2,2,2,1,0,0,1,1,0,1,1,1,1,0,2023-04-26 08:56:00,0, 15 mins,
228,junior_vilca,2023-04-11,1.25.21.89,19,1,4,5,1,1,3,2,1,1,0,1,2,0,0,0,1,1,4,0,2023-04-26 10:05:00,0,  7 mins,
229,junior_vilca,2023-04-11,1.25.21.519,42,2,1,4,2,3,3,3,1,1,0,0,1,0,0,0,1,1,4,1,2023-04-26 11:10:00,0,  8 mins,
230,bryan_florez,2023-04-11,1.7.39.348,73,2,2,0,2,3,1,2,2,1,0,1,1,0,0,0,1,0,1,0,2023-04-26 08:13:00,0, 12 mins,
231,bryan_florez,2023-04-11,1.7.39.472,19,1,4,5,2,3,1,3,1,0,0,0,1,0,0,1,1,0,4,0,2023-04-26 09:03:00,0,  6 mins,
232,bryan_florez,2023-04-11,1.7.39.226,43,1,3,5,2,3,3,1,2,1,0,0,1,0,0,1,1,0,3,0,2023-04-26 11:44:00,0,  7 mins,
233,manuel_ysidro,2023-04-11,1.7.40.14,35,1,1,3,1,2,2,3,1,1,0,0,1,0,0,1,0,1,2,0,2023-04-26 09:36:00,0, 10 mins,
234,manuel_ysidro,2023-04-11,1.7.40.36,34,1,2,4,2,1,3,2,2,1,1,1,1,1,0,1,1,1,4,0,2023-04-26 10:11:00,0, 12 mins,
235,manuel_ysidro,2023-04-11,1.7.39.228,33,2,2,4,2,3,3,4,2,1,0,0,1,0,0,1,1,1,4,1,2023-04-26 11:54:00,0,  7 mins,
236,vanessa_rendon,2023-04-11,1.7.27.198,65,1,1,2,2,1,2,1,1,1,0,0,1,0,0,1,1,1,1,0,2023-04-26 08:08:00,0, 36 mins,
237,vanessa_rendon,2023-04-11,1.7.27.199,47,2,3,5,1,2,3,1,1,1,0,0,1,0,0,0,1,1,3,1,2023-04-26 08:48:00,0, 35 mins,
238,vanessa_rendon,2023-04-11,1.7.27.428,45,1,3,3,1,2,3,3,1,1,0,0,1,1,0,1,1,1,1,0,2023-04-26 09:31:00,0, 29 mins,
239,vanessa_rendon,2023-04-11,1.7.27.374,42,1,3,3,1,1,3,2,1,1,0,0,1,0,0,0,1,1,2,0,2023-04-26 10:17:00,0, 33 mins,
240,vanessa_rendon,2023-04-11,1.7.27.313,57,2,3,5,1,3,3,2,1,1,0,0,1,0,0,1,1,1,1,1,2023-04-26 11:16:00,0, 37 mins,
241,vanessa_rendon,2023-04-11,1.7.27.328,28,1,1,4,1,2,3,2,1,1,0,0,1,0,0,1,1,0,4,1,2023-04-26 12:08:00,0, 34 mins,
242,vanessa_rendon,2023-04-11,1.7.28.66,45,2,2,3,1,3,1,1,1,1,0,0,1,0,0,1,1,1,1,0,2023-04-26 12:53:00,0, 28 mins,
243,vanessa_rendon,2023-04-11,1.7.27.650,45,2,2,5,2,1,3,2,2,1,0,0,1,0,0,1,1,1,2,0,2023-04-26 13:45:00,0, 34 mins,
244,lina_mollesaca,2023-04-11,1.25.26.1254,25,1,1,3,1,3,2,2,1,99,0,0,1,0,0,1,1,1,2,0,2023-04-26 07:45:00,0,  4 mins,
245,lina_mollesaca,2023-04-11,1.25.26.123,46,2,2,3,2,3,3,2,1,1,0,0,1,0,0,1,1,1,2,0,2023-04-26 09:49:00,0,  3 mins,
246,lina_mollesaca,2023-04-11,1.25.26.138,22,1,4,5,1,2,3,2,1,1,0,0,1,0,0,99,99,1,2,0,2023-04-26 10:30:00,0,  5 mins,
247,lina_mollesaca,2023-04-11,1.25.26.213,26,1,1,4,2,2,3,2,1,1,0,0,1,0,0,1,1,1,2,1,2023-04-26 10:54:00,0,  4 mins,
248,lina_mollesaca,2023-04-11,1.25.26.400,32,1,2,4,1,2,3,2,1,1,0,0,1,0,0,1,99,1,3,0,2023-04-26 11:31:00,0,  7 mins,
249,lina_mollesaca,2023-04-11,1.25.26.418,79,1,1,2,1,3,3,2,1,1,0,0,1,0,0,99,99,1,1,0,2023-04-26 12:09:00,0,  5 mins,
250,lina_mollesaca,2023-04-11,1.25.26.476,23,1,1,3,2,3,2,2,1,99,0,0,1,0,0,1,1,1,1,0,2023-04-26 12:36:00,0,  4 mins,
251,lina_mollesaca,2023-04-11,1.25.26.508,64,1,1,2,1,2,3,2,1,1,0,0,1,0,0,1,1,1,1,1,2023-04-26 12:57:00,0,  4 mins,
252,zenaida_carhua,2023-04-11,1.25.29.135,71,1,6,1,2,3,3,3,2,1,0,0,1,0,0,0,0,1,1,0,2023-04-26 08:17:00,0, 21 mins,
253,zenaida_carhua,2023-04-11,1.25.29.65,32,1,1,4,3,3,3,4,1,1,0,0,1,0,0,1,1,0,2,0,2023-04-26 08:58:00,0,  9 mins,
254,zenaida_carhua,2023-04-11,1.25.29.63,30,1,1,4,3,2,3,2,1,1,0,0,1,0,0,1,1,1,2,1,2023-04-26 09:16:00,0, 11 mins,
255,zenaida_carhua,2023-04-11,1.25.29.190,50,1,2,5,1,1,3,1,1,1,0,0,1,0,0,1,1,1,2,0,2023-04-26 10:05:00,0, 15 mins,Pregunta 32 y 34 solo dejaría que ingresen si están debidamente identificados
256,zenaida_carhua,2023-04-11,1.25.25.158,66,1,1,2,2,99,3,2,1,1,0,0,1,0,0,1,1,1,1,0,2023-04-26 12:33:00,0, 16 mins,Pregunta 32 y 34 solo dejaría entrar si están debidamente identificados
257,zenaida_carhua,2023-04-11,1.25.25.241,82,2,2,2,1,3,2,2,1,1,0,0,1,0,0,1,1,1,1,0,2023-04-26 13:24:00,0, 15 mins,
258,zenaida_carhua,2023-04-11,1.25.25.20,70,2,2,5,2,2,3,2,1,1,0,0,1,0,0,1,1,1,1,0,2023-04-26 14:01:00,0,  9 mins,
259,rafhaela_manzaneda,2023-04-11,1.11.3.98,29,2,2,5,2,2,3,2,1,99,99,0,1,0,0,1,1,1,4,0,2023-04-26 09:13:00,0, 30 mins,
260,rafhaela_manzaneda,2023-04-11,1.11.5.86,67,1,2,3,2,3,1,1,1,1,0,0,1,0,1,1,1,1,1,0,2023-04-26 10:44:00,0, 34 mins,
261,rafhaela_manzaneda,2023-04-11,1.11.5.99,25,2,2,5,1,3,2,1,1,99,99,0,1,0,1,1,1,1,4,0,2023-04-26 12:24:00,0, 35 mins,
262,rafhaela_manzaneda,2023-04-11,1.11.5.12,40,2,2,4,1,3,3,2,1,99,99,0,1,0,0,0,0,1,2,1,2023-04-26 10:26:00,0,  6 mins,
263,claudia_gonzales,2023-04-11,1.11.3.1035,60,2,2,3,2,2,1,3,2,1,0,0,1,0,1,1,1,1,4,0,2023-04-26 08:33:00,0, 52 mins,
264,claudia_gonzales,2023-04-11,1.11.3.27,58,2,2,2,1,3,1,1,1,99,0,0,1,0,0,1,1,1,2,0,2023-04-26 10:02:00,0, 41 mins,Iglesia evangélica
265,claudia_gonzales,2023-04-11,1.11.5.90,53,2,2,5,1,2,3,1,1,1,0,0,2,0,0,1,1,1,3,0,2023-04-26 11:37:00,0, 33 mins,
266,claudia_gonzales,2023-04-11,1.11.5.172,36,1,2,5,2,1,3,2,1,1,0,0,2,0,0,1,1,1,4,99,2023-04-26 13:12:00,0, 26 mins,
267,claudia_gonzales,2023-04-11,1.11.5.75,40,1,2,4,1,1,3,2,1,99,99,99,1,0,99,0,0,1,2,99,2023-04-26 13:47:00,0, 24 mins,
268,manuel_ysidro,2023-04-12,1.7.39.116,33,1,1,5,3,1,3,1,1,1,0,0,1,0,0,1,1,0,4,0,2023-04-26 07:57:00,0, 28 mins,
269,manuel_ysidro,2023-04-12,1.7.38.57,64,2,2,3,4,2,3,3,2,1,0,0,1,0,0,1,1,0,2,0,2023-04-26 08:10:00,0,  5 mins,
270,manuel_ysidro,2023-04-12,1.7.38.189,18,2,4,4,2,3,1,2,1,0,0,0,1,0,0,0,1,1,4,0,2023-04-26 08:23:00,0,  6 mins,
271,manuel_ysidro,2023-04-12,1.7.37.91,53,2,2,3,3,1,3,2,2,0,0,0,1,0,0,1,1,1,1,0,2023-04-26 08:54:00,0,  5 mins,
272,manuel_ysidro,2023-04-12,1.7.37.121,23,1,4,5,2,1,3,2,1,1,0,0,1,0,0,1,1,1,4,0,2023-04-26 09:13:00,0,  5 mins,
273,manuel_ysidro,2023-04-12,1.7.37.190,43,2,2,5,2,99,3,3,1,1,0,0,1,0,0,1,1,1,3,0,2023-04-26 09:30:00,0,  7 mins,
274,manuel_ysidro,2023-04-12,1.7.38.190A,42,1,1,3,1,99,99,3,2,0,0,0,1,0,0,0,1,1,1,0,2023-04-26 09:50:00,0, 10 mins,
275,lina_mollesaca,2023-04-12,1.25.26.409,32,2,3,4,2,1,3,2,1,1,0,0,1,0,0,1,1,1,3,0,2023-04-26 07:47:00,0,  4 mins,
276,lina_mollesaca,2023-04-12,1.25.26.291,33,1,2,3,1,2,2,3,1,99,0,0,1,0,0,1,99,1,2,0,2023-04-26 09:14:00,0,  4 mins,
277,lina_mollesaca,2023-04-12,1.25.26.561,28,2,2,4,2,3,3,2,1,99,99,0,1,0,0,1,1,0,3,0,2023-04-26 09:59:00,0,  3 mins,
278,lina_mollesaca,2023-04-12,1.25.26.2374,56,1,1,4,2,3,3,2,1,1,0,0,1,0,0,1,1,0,2,0,2023-04-26 11:08:00,0,  6 mins,
279,lina_mollesaca,2023-04-12,1.25.26.880,52,1,1,3,1,3,3,2,1,1,0,0,1,0,0,1,1,1,1,0,2023-04-26 12:13:00,0,  4 mins,
280,zenaida_carhua,2023-04-12,1.25.33.198,78,2,5,5,1,99,99,1,1,1,0,0,1,0,0,1,1,1,1,0,2023-04-26 07:55:00,0, 12 mins,
281,zenaida_carhua,2023-04-12,1.25.31.39,70,2,2,3,1,3,1,3,1,1,0,0,1,0,0,1,1,1,2,1,2023-04-26 09:06:00,0, 10 mins,
282,zenaida_carhua,2023-04-12,1.25.32.124,73,1,1,2,2,3,2,2,1,1,0,0,2,0,0,1,1,0,1,0,2023-04-26 10:19:00,0, 20 mins,
283,zenaida_carhua,2023-04-12,1.25.25.38,36,2,2,5,2,1,3,1,2,1,0,0,1,0,0,1,1,1,3,0,2023-04-26 12:37:00,0, 10 mins,
284,zenaida_carhua,2023-04-12,1.25.25.210,55,1,1,5,1,2,3,2,1,1,0,0,1,0,0,1,1,1,2,0,2023-04-26 12:54:00,0,  9 mins,
285,vanessa_rendon,2023-04-12,1.7.27.354B,61,1,3,5,4,2,3,2,1,1,0,0,2,0,0,1,1,1,4,0,2023-04-26 08:05:00,0, 42 mins,
286,vanessa_rendon,2023-04-12,1.7.27.641,28,2,2,5,1,1,3,2,1,0,0,0,1,0,0,1,1,0,1,0,2023-04-26 08:51:00,0, 33 mins,
287,vanessa_rendon,2023-04-12,1.7.27.320,28,1,2,4,1,3,3,2,1,0,0,0,1,0,0,1,1,1,2,0,2023-04-26 09:45:00,0, 30 mins,
288,vanessa_rendon,2023-04-12,1.7.27.523,19,2,4,4,1,1,2,2,1,1,0,0,1,0,0,0,1,1,3,1,2023-04-26 10:41:00,0, 35 mins,
289,vanessa_rendon,2023-04-12,1.7.4.34,36,1,3,4,2,2,3,2,1,1,0,0,1,0,1,1,1,1,3,0,2023-04-26 11:26:00,0, 34 mins,
290,vanessa_rendon,2023-04-12,1.7.4.46,64,1,2,2,1,3,3,2,2,1,0,0,1,0,0,1,1,1,1,1,2023-04-26 12:14:00,0, 27 mins,
291,vanessa_rendon,2023-04-12,1.7.27.539,68,1,1,2,1,2,3,3,1,1,0,0,1,0,0,0,1,1,1,0,2023-04-26 12:56:00,0, 31 mins,
292,vanessa_rendon,2023-04-12,1.7.27.534,70,2,5,3,1,1,3,3,1,1,0,0,1,0,0,1,1,1,2,0,2023-04-26 13:43:00,0, 32 mins,
293,junior_vilca,2023-04-12,1.13.33.31,45,1,1,3,2,1,3,2,1,1,0,0,2,0,1,0,1,1,1,1,2023-04-26 08:07:00,0,  9 mins,
294,junior_vilca,2023-04-12,1.13.33.13,43,1,1,3,2,2,2,2,2,1,0,0,1,0,0,1,1,1,1,0,2023-04-26 08:55:00,0, 12 mins,
295,junior_vilca,2023-04-12,1.13.28.45,36,2,1,3,2,1,3,2,2,1,0,0,1,0,0,1,1,1,1,0,2023-04-26 09:57:00,0, 11 mins,
296,junior_vilca,2023-04-12,1.13.28.34,34,2,2,4,2,1,3,2,2,1,0,0,1,0,0,1,1,1,3,0,2023-04-26 10:25:00,0,  4 mins,
297,junior_vilca,2023-04-12,1.13.29.108,58,2,6,3,2,3,2,3,2,1,0,0,1,0,0,0,0,1,1,0,2023-04-26 10:49:00,0,  6 mins,
298,junior_vilca,2023-04-12,1.13.29.182,39,2,2,3,2,1,3,3,3,1,0,0,1,0,0,1,1,1,3,0,2023-04-26 11:13:00,0,  6 mins,
299,maria_palaco,2023-04-12,1.13.34.57,23,2,4,3,1,4,3,2,2,1,0,0,1,99,1,1,1,1,4,1,2023-04-26 08:36:00,0, 13 mins,
300,maria_palaco,2023-04-12,1.13.41.31,29,1,1,3,1,99,99,1,1,1,0,0,1,0,0,1,1,1,2,0,2023-04-26 08:48:00,0,  8 mins,
301,maria_palaco,2023-04-12,1.13.41.44,24,2,2,4,1,99,99,1,1,99,0,0,1,0,0,99,99,1,2,0,2023-04-26 09:38:00,0, 49 mins,
302,maria_palaco,2023-04-12,1.13.36.126,60,2,2,3,1,3,2,2,1,1,0,0,1,0,0,99,99,1,3,0,2023-04-26 10:01:00,0, 23 mins,
303,maria_palaco,2023-04-12,1.13.37.53,52,1,2,2,1,3,2,2,2,99,0,0,1,0,0,1,1,1,3,0,2023-04-26 10:50:00,0, 39 mins,
304,maria_palaco,2023-04-12,1.13.36.67,52,1,1,3,1,1,3,2,1,1,0,0,1,1,0,1,1,1,2,0,2023-04-26 13:48:00,0,178 mins,
305,claudia_gonzales,2023-04-12,1.11.9.497,65,2,2,5,1,99,99,1,1,99,99,99,1,99,99,0,99,1,1,99,2023-04-26 09:12:00,0, 38 mins,
306,claudia_gonzales,2023-04-12,1.11.9.44,47,1,2,3,1,99,99,3,1,1,99,99,1,99,0,0,0,0,2,0,2023-04-26 10:55:00,0, 38 mins,
307,claudia_gonzales,2023-04-12,1.11.8.53,38,2,3,5,2,2,3,1,1,1,0,0,1,99,1,1,99,1,3,0,2023-04-26 12:42:00,0, 33 mins,
308,claudia_gonzales,2023-04-12,1.11.6.73,49,1,1,3,1,3,3,1,1,1,0,0,1,0,0,1,1,1,2,0,2023-04-26 13:42:00,0, 19 mins,
309,rafhaela_manzaneda,2023-04-12,1.11.9.433,32,1,2,5,2,3,3,2,1,1,0,0,1,0,99,1,1,1,4,0,2023-04-26 08:21:00,0, 39 mins,
310,rafhaela_manzaneda,2023-04-12,1.11.9.251,55,1,2,4,1,99,99,2,1,99,0,0,1,0,1,1,1,0,2,0,2023-04-26 09:59:00,0, 35 mins,
311,rafhaela_manzaneda,2023-04-12,1.11.8.82,45,2,3,6,2,2,2,1,1,1,0,0,1,0,0,1,1,1,3,0,2023-04-26 11:54:00,0, 42 mins,
312,rafhaela_manzaneda,2023-04-12,1.11.7.37,52,2,3,5,1,1,3,1,1,1,0,0,1,0,1,1,1,1,2,1,2023-04-26 13:20:00,0, 25 mins,
313,roger_quispe,2023-04-12,1.1.2.513,64,1,1,2,1,3,1,1,1,1,0,0,1,0,0,1,1,1,1,0,2023-04-26 07:59:00,0, 13 mins,
314,roger_quispe,2023-04-12,1.1.2.658,54,2,2,3,1,2,3,2,1,1,0,0,1,0,0,1,1,1,2,0,2023-04-26 08:23:00,0, 12 mins,
315,roger_quispe,2023-04-12,1.1.2.746,45,1,2,3,2,2,3,2,1,1,0,0,1,0,0,1,1,1,4,1,2023-04-26 08:50:00,0, 11 mins,
316,roger_quispe,2023-04-12,1.1.3.773,49,1,1,3,1,1,3,2,1,1,0,0,1,0,0,1,1,1,1,0,2023-04-26 09:53:00,0, 11 mins,
317,roger_quispe,2023-04-12,1.1.3.58,72,1,1,3,3,2,2,3,1,1,0,0,1,0,0,1,1,1,2,0,2023-04-26 11:26:00,0, 14 mins,
318,roger_quispe,2023-04-12,1.1.2.396,40,1,1,3,1,2,2,1,1,1,0,0,1,0,0,1,1,1,1,0,2023-04-26 12:53:00,0, 17 mins,
319,roger_quispe,2023-04-12,1.1.2.153,18,2,4,3,2,2,3,2,1,1,0,0,1,0,0,1,1,1,2,0,2023-04-26 13:38:00,0, 17 mins,
320,arlet_reyes,2023-04-12,1.10.28.419,37,1,1,3,1,2,3,2,1,1,0,0,1,0,0,1,1,0,2,1,2023-04-26 08:47:00,0,  5 mins,
321,arlet_reyes,2023-04-12,1.10.26.218,67,2,6,4,2,2,3,4,2,1,0,0,1,0,1,1,1,1,2,0,2023-04-26 10:47:00,0,  5 mins,
322,arlet_reyes,2023-04-12,1.10.26.202,55,1,3,4,1,2,1,3,1,1,0,0,1,0,0,1,1,1,1,0,2023-04-26 11:32:00,0,  6 mins,
323,arlet_reyes,2023-04-12,1.10.26.236,47,1,1,3,1,2,3,2,1,1,99,0,1,0,0,1,1,1,2,1,2023-04-26 12:11:00,0, 29 mins,
324,marjorie_llerena,2023-04-12,1.10.28.495,40,2,2,4,2,2,3,2,1,1,0,0,1,0,0,1,1,1,2,1,2023-04-26 09:18:00,0, 15 mins,
325,marjorie_llerena,2023-04-12,1.10.30.112,40,2,2,4,2,2,2,2,1,1,0,0,1,0,0,1,1,1,4,0,2023-04-26 10:54:00,0, 96 mins,
326,marjorie_llerena,2023-04-12,1.10.30.71,42,1,1,4,1,1,3,2,1,1,0,0,1,0,0,1,1,1,2,1,2023-04-26 11:27:00,0, 30 mins,
327,marjorie_llerena,2023-04-12,1.10.36.281,54,2,2,3,2,1,2,1,1,1,0,0,1,0,0,1,1,1,2,0,2023-04-26 12:52:00,0,  6 mins,
328,marjorie_llerena,2023-04-12,1.10.36.264,64,1,2,2,4,3,3,3,1,0,0,0,1,0,0,1,1,1,2,0,2023-04-26 13:07:00,0, 15 mins,
329,marjorie_llerena,2023-04-12,1.10.36.245,20,1,4,4,2,2,3,3,1,1,0,0,1,0,0,1,1,1,4,0,2023-04-26 13:17:00,0, 10 mins,
330,marjorie_llerena,2023-04-12,1.10.36.381,45,2,2,3,2,1,3,2,1,1,0,0,1,0,0,0,1,0,2,0,2023-04-26 13:39:00,0,  4 mins,
331,marjorie_llerena,2023-04-12,1.10.24.113,50,2,2,3,2,1,3,2,1,1,0,0,1,0,0,0,0,1,2,0,2023-04-26 14:08:00,0, 28 mins,
332,bryan_florez,2023-04-12,1.10.38.123,69,2,2,4,2,3,1,1,1,1,0,0,1,0,0,1,1,1,2,0,2023-04-26 10:07:00,0, 18 mins,
333,bryan_florez,2023-04-13,1.10.38.135,67,1,2,5,2,2,3,2,1,1,0,0,1,0,0,1,1,1,3,0,2023-04-26 10:31:00,0,  9 mins,
334,vanessa_rendon,2023-04-13,1.7.4.35,35,1,2,4,1,2,3,2,1,1,0,0,1,0,0,1,1,1,2,0,2023-04-26 07:57:00,0, 38 mins,
335,vanessa_rendon,2023-04-13,1.7.27.553,63,1,1,3,1,1,3,3,1,1,0,0,1,0,0,1,1,1,2,0,2023-04-26 08:55:00,0, 29 mins,
336,vanessa_rendon,2023-04-13,1.7.27.555,44,2,2,5,1,1,3,2,1,1,0,0,1,0,1,1,1,1,1,0,2023-04-26 09:36:00,0, 31 mins,
337,vanessa_rendon,2023-04-13,1.7.24.354,35,2,2,5,1,2,3,3,1,1,0,0,1,0,0,1,1,1,3,0,2023-04-26 10:22:00,0, 37 mins,
338,vanessa_rendon,2023-04-13,1.7.24.356,52,1,2,99,1,3,3,1,1,0,0,0,1,0,0,1,1,1,1,1,2023-04-26 10:55:00,0, 20 mins,es tienda
339,vanessa_rendon,2023-04-13,1.7.11.5,69,1,1,2,1,2,3,6,1,1,0,0,1,0,0,1,1,0,1,0,2023-04-26 12:01:00,0, 37 mins,
340,vanessa_rendon,2023-04-13,1.7.12.31,70,1,1,0,1,2,3,2,1,99,0,0,1,0,0,1,1,1,1,0,2023-04-26 13:05:00,0, 27 mins,"Es parcialmente ciega, pero describio las marcas q dejaba en la pared, por eso se marcó solo la F"
341,vanessa_rendon,2023-04-13,1.7.12.40,35,1,2,3,1,4,3,2,1,1,0,0,1,0,0,0,0,1,3,1,2023-04-26 13:47:00,0, 27 mins,
342,maria_palaco,2023-04-13,1.13.24.111,46,2,2,4,1,1,3,3,1,1,0,0,1,0,0,1,1,1,2,0,2023-04-26 08:11:00,0,  7 mins,
344,maria_palaco,2023-04-13,1.13.27.92,75,1,2,0,1,3,3,1,1,0,0,0,1,0,0,0,1,1,1,0,2023-04-26 11:11:00,0,  9 mins,
345,junior_vilca,2023-04-13,1.13.23.51,34,2,2,4,2,2,2,2,3,0,0,0,1,0,0,0,0,1,3,0,2023-04-26 08:22:00,0,  8 mins,
346,junior_vilca,2023-04-13,1.13.23.56,31,1,2,3,2,2,2,3,3,0,0,0,1,0,0,0,0,0,2,0,2023-04-26 08:33:00,0,  6 mins,
347,junior_vilca,2023-04-13,1.13.24.42,76,2,6,3,2,2,2,3,2,1,0,0,1,0,0,1,1,1,1,1,2023-04-26 09:12:00,0,  5 mins,
348,roger_quispe,2023-04-13,1.1.10.251,70,1,5,3,1,2,3,2,1,1,0,0,1,0,0,1,1,1,2,0,2023-04-26 08:37:00,0, 12 mins,
349,roger_quispe,2023-04-13,1.1.10.333,27,1,2,5,2,1,3,2,2,1,0,0,1,0,0,1,1,1,4,0,2023-04-26 09:02:00,0, 12 mins,
350,roger_quispe,2023-04-13,1.1.6.36,37,1,1,3,1,1,3,2,1,1,0,0,1,0,0,1,1,1,3,0,2023-04-26 13:06:00,0, 13 mins,
351,roger_quispe,2023-04-13,1.1.4.693,34,2,3,5,2,3,2,2,1,1,0,0,1,0,0,1,1,1,4,0,2023-04-26 13:36:00,0, 10 mins,
352,jacqueline_cardenas,2023-04-13,1.1.10.32,39,1,2,2,2,3,99,2,1,1,0,0,1,0,0,1,1,1,1,0,2023-04-26 08:09:00,0,  4 mins,
353,jacqueline_cardenas,2023-04-13,1.1.10.252,37,1,2,4,2,2,3,2,1,1,0,0,1,0,0,1,1,1,2,0,2023-04-26 08:34:00,0, 10 mins,
354,jacqueline_cardenas,2023-04-13,1.1.10.672,40,1,1,5,3,3,3,2,1,1,0,0,1,0,0,1,1,1,1,0,2023-04-26 09:13:00,0,  5 mins,
355,jacqueline_cardenas,2023-04-13,1.1.28.598,78,1,2,2,5,3,4,1,1,1,0,0,1,0,0,1,0,1,1,1,2023-04-26 10:29:00,0,  5 mins,
356,jacqueline_cardenas,2023-04-13,1.1.4.632,78,1,1,2,1,2,3,2,1,1,0,0,1,0,0,0,0,1,1,0,2023-04-26 13:46:00,0,  4 mins,
357,manuel_ysidro,2023-04-13,1.10.38.17,64,1,1,3,3,1,3,3,2,0,0,0,1,0,0,0,1,0,4,0,2023-04-26 07:29:00,0,  5 mins,
358,manuel_ysidro,2023-04-13,1.10.38.165,28,2,3,5,4,2,4,3,3,1,0,0,1,1,0,1,1,1,4,1,2023-04-26 10:53:00,0,  7 mins,
359,manuel_ysidro,2023-04-13,1.10.38.168,52,1,2,4,1,1,3,2,1,1,0,1,1,0,0,1,1,1,2,0,2023-04-26 11:12:00,0, 12 mins,
360,manuel_ysidro,2023-04-13,1.10.38.414,73,1,2,5,2,1,3,1,2,1,0,1,1,0,0,1,1,1,2,0,2023-04-26 11:45:00,0, 11 mins,
361,zenaida_carhua,2023-04-13,1.13.104.106,18,1,4,5,1,99,99,3,1,1,0,0,1,0,0,0,1,1,4,1,2023-04-26 07:41:00,0, 14 mins,
362,zenaida_carhua,2023-04-13,1.13.104.109,46,1,1,5,1,99,99,2,1,0,0,0,1,0,0,1,1,1,2,1,2023-04-26 08:35:00,0, 11 mins,
363,zenaida_carhua,2023-04-13,1.13.104.101,48,2,2,3,1,3,1,6,1,1,0,1,1,0,0,1,1,1,2,0,2023-04-26 08:54:00,0,  8 mins,
364,zenaida_carhua,2023-04-13,1.13.104.63,55,1,1,2,2,3,3,2,1,1,0,0,1,0,0,1,1,1,1,0,2023-04-26 09:40:00,0,  8 mins,
365,zenaida_carhua,2023-04-13,1.13.104.61,18,2,3,3,1,99,99,1,1,1,0,0,1,0,0,1,1,1,4,0,2023-04-26 10:18:00,0, 11 mins,
366,zenaida_carhua,2023-04-13,1.13.104.285,70,2,2,2,1,2,3,3,1,1,0,0,1,0,0,1,1,1,1,0,2023-04-26 11:12:00,0,  8 mins,
367,zenaida_carhua,2023-04-13,1.13.104.124,72,1,1,0,1,3,4,1,1,0,0,0,1,0,1,1,1,1,1,0,2023-04-26 12:45:00,0, 11 mins,
368,lina_mollesaca,2023-04-13,1.13.56.1155,28,1,1,5,1,99,99,2,1,99,99,99,1,0,0,99,1,1,3,0,2023-04-26 08:01:00,0,  3 mins,
369,lina_mollesaca,2023-04-13,1.13.56.815,46,2,2,3,2,2,3,2,1,1,0,0,1,0,0,1,1,1,3,0,2023-04-26 13:50:00,0,  5 mins,
370,lina_mollesaca,2023-04-13,1.13.56.1116,75,1,1,2,1,3,3,2,1,1,0,0,1,0,0,0,99,1,1,1,2023-04-26 08:30:00,0,  3 mins,
371,lina_mollesaca,2023-04-13,1.13.56.1047,70,1,1,2,2,2,3,2,1,1,0,0,1,0,0,99,1,1,1,0,2023-04-26 09:04:00,0,  4 mins,
372,lina_mollesaca,2023-04-13,1.13.56.1045,20,2,4,5,1,3,2,2,1,1,0,0,1,0,0,99,1,1,4,0,2023-04-26 09:35:00,0,  4 mins,
373,lina_mollesaca,2023-04-13,1.13.56.986,44,1,1,3,1,2,3,2,1,1,0,0,1,0,99,1,1,0,2,0,2023-04-26 10:24:00,0,  4 mins,
374,lina_mollesaca,2023-04-13,1.13.56.955,75,1,1,2,2,2,3,2,1,1,0,0,1,0,0,0,99,0,1,0,2023-04-26 11:13:00,0,  5 mins,
375,lina_mollesaca,2023-04-13,1.13.56.938,78,1,1,2,2,3,3,2,1,1,0,0,1,0,0,0,0,1,1,0,2023-04-26 11:52:00,0,  5 mins,
376,lina_mollesaca,2023-04-13,1.13.56.889,42,2,2,3,2,2,2,2,1,99,0,0,1,0,0,1,1,0,2,0,2023-04-26 12:25:00,0,  7 mins,
377,lina_mollesaca,2023-04-13,1.13.56.814,76,1,2,2,3,3,3,3,1,1,0,0,1,0,0,1,1,0,1,0,2023-04-26 13:22:00,0,  3 mins,
378,arlet_reyes,2023-04-13,1.10.26.15,52,1,1,3,2,2,3,2,2,1,0,0,1,1,0,1,1,1,2,0,2023-04-26 07:57:00,0,  4 mins,
379,arlet_reyes,2023-04-13,1.10.26.165,74,1,1,2,1,1,2,3,1,1,0,0,1,0,0,1,1,1,1,0,2023-04-26 08:30:00,0,  4 mins,
381,arlet_reyes,2023-04-13,1.10.28.96,,1,99,99,1,99,99,2,1,1,0,0,1,0,0,0,1,1,1,0,2023-04-26 10:37:00,1,  4 mins,No quiso responder datos personales
382,arlet_reyes,2023-04-13,1.10.24.207,21,1,4,4,1,2,2,1,1,1,99,0,1,0,0,1,1,1,3,0,2023-04-26 14:02:00,0,  7 mins,
383,marjorie_llerena,2023-04-13,1.10.24.46,53,1,1,3,1,1,2,2,1,1,0,0,1,0,0,1,1,1,2,0,2023-04-26 09:12:00,0, 17 mins,
384,marjorie_llerena,2023-04-13,1.10.36.211A,84,1,1,2,2,2,3,2,1,1,0,0,1,0,0,1,1,1,1,0,2023-04-26 09:55:00,0, 43 mins,
385,marjorie_llerena,2023-04-13,1.10.36.526,52,1,2,2,1,1,2,2,1,1,0,0,1,0,0,0,0,1,4,0,2023-04-26 10:18:00,0, 22 mins,
386,marjorie_llerena,2023-04-13,1.10.34.44,55,1,1,3,1,1,3,3,1,1,0,0,1,0,0,0,0,1,2,0,2023-04-26 10:43:00,0, 10 mins,
387,marjorie_llerena,2023-04-13,1.10.35.93,38,1,2,3,1,2,3,2,2,1,0,0,1,0,0,0,0,0,2,1,2023-04-26 11:21:00,0, 38 mins,
388,marjorie_llerena,2023-04-13,1.10.36.204,65,2,2,3,2,3,2,1,1,0,0,0,1,0,0,0,0,1,2,0,2023-04-26 11:40:00,0, 19 mins,
389,marjorie_llerena,2023-04-13,1.10.36.114,43,1,3,5,2,2,1,4,1,1,0,0,1,0,0,0,0,1,1,0,2023-04-26 12:05:00,0, 24 mins,
390,rafhaela_manzaneda,2023-04-13,1.11.6.52,19,2,3,3,1,1,3,1,1,1,0,0,1,0,1,1,1,1,4,0,2023-04-26 09:11:00,0, 37 mins,
391,rafhaela_manzaneda,2023-04-13,1.11.6.4,38,1,2,4,3,3,2,1,1,1,0,0,1,0,99,1,1,1,2,0,2023-04-26 10:57:00,0, 44 mins,
392,rafhaela_manzaneda,2023-04-13,1.11.9.580,63,2,2,4,2,1,3,3,1,1,0,0,1,0,1,1,1,0,2,1,2023-04-26 12:54:00,0, 40 mins,
393,rafhaela_manzaneda,2023-04-13,1.11.9.521,38,1,2,3,1,3,1,1,1,1,0,0,2,0,99,0,1,0,2,0,2023-04-26 13:27:00,0, 23 mins,
394,claudia_gonzales,2023-04-13,1.11.6.90,40,2,3,3,1,3,3,1,1,1,0,0,1,99,1,1,1,1,2,0,2023-04-26 08:24:00,0, 41 mins,
395,claudia_gonzales,2023-04-13,1.11.6.51,26,1,4,5,1,2,2,2,1,1,0,0,1,0,99,1,1,0,4,0,2023-04-26 09:53:00,0, 36 mins,
396,claudia_gonzales,2023-04-13,1.11.9.569,54,2,2,4,1,1,3,1,2,1,0,0,1,0,1,0,0,1,1,0,2023-04-26 12:04:00,0, 26 mins,
397,claudia_gonzales,2023-04-13,1.11.9.590A,72,2,2,4,1,1,3,6,2,1,0,1,1,0,99,0,1,1,2,0,2023-04-26 13:52:00,0, 30 mins,Tuvo chirimachas hace 20 años.
398,vanessa_rendon,2023-04-14,1.7.24.57,62,2,2,3,1,1,3,3,2,1,0,0,1,0,0,1,1,1,1,0,2023-04-26 07:35:00,0, 20 mins,
399,vanessa_rendon,2023-04-14,1.7.24.99,43,2,2,4,2,3,3,1,1,1,0,0,1,0,1,1,1,1,3,0,2023-04-26 08:11:00,0, 25 mins,
400,vanessa_rendon,2023-04-14,1.7.24.116,22,1,4,4,1,1,3,2,1,1,0,0,2,0,0,1,1,1,4,0,2023-04-26 08:41:00,0, 21 mins,
401,vanessa_rendon,2023-04-14,1.7.9.85,40,2,2,4,1,1,3,2,2,1,0,0,1,0,1,1,1,1,3,0,2023-04-26 09:17:00,0, 27 mins,
402,vanessa_rendon,2023-04-14,1.7.9.32,69,2,2,0,1,2,2,2,1,1,0,0,1,0,0,1,1,1,1,1,2023-04-26 09:47:00,0, 21 mins,
403,vanessa_rendon,2023-04-14,1.7.9.15,58,1,1,2,1,3,3,1,1,1,0,0,1,0,0,1,1,1,1,0,2023-04-26 10:20:00,0, 22 mins,
404,vanessa_rendon,2023-04-14,1.7.12.21,41,1,1,5,1,1,3,3,1,1,0,0,1,0,1,1,1,1,4,1,2023-04-26 10:54:00,0, 25 mins,
405,vanessa_rendon,2023-04-14,1.7.24.233,74,1,1,2,1,2,3,1,1,1,0,0,1,0,0,0,0,0,1,0,2023-04-26 11:21:00,0, 21 mins,
406,vanessa_rendon,2023-04-14,1.7.24.211,74,1,1,2,1,1,1,1,1,1,0,0,1,0,0,1,1,0,3,0,2023-04-26 11:48:00,0, 19 mins,
407,claudia_gonzales,2023-04-14,1.11.9.1262,50,2,2,5,1,3,1,1,1,1,0,0,1,0,1,99,1,1,2,0,2023-04-26 08:12:00,0, 45 mins,
408,claudia_gonzales,2023-04-14,1.11.9.1194,34,2,3,5,1,2,1,2,1,1,0,0,1,0,1,99,1,1,1,0,2023-04-26 09:26:00,0, 24 mins,
409,claudia_gonzales,2023-04-14,1.11.9.1401,54,1,1,3,1,1,3,1,1,1,0,0,1,0,99,1,1,1,2,1,2023-04-26 11:36:00,0, 28 mins,
410,rafhaela_manzaneda,2023-04-14,1.11.9.1264,22,1,3,3,1,2,1,1,1,0,99,0,1,0,99,1,1,1,4,0,2023-04-26 08:49:00,0, 31 mins,
411,rafhaela_manzaneda,2023-04-14,1.11.9.1149,76,1,1,3,2,3,3,2,1,99,99,0,1,0,99,1,1,1,1,0,2023-04-26 10:04:00,0, 36 mins,
412,rafhaela_manzaneda,2023-04-14,1.11.9.927,43,2,2,3,1,2,3,3,1,1,0,0,1,0,1,1,1,1,2,1,2023-04-26 10:47:00,0, 29 mins,
413,roger_quispe,2023-04-14,1.1.4.21,57,1,1,6,1,2,3,2,1,1,0,0,1,0,0,1,1,1,2,0,2023-04-26 07:45:00,0, 10 mins,
414,roger_quispe,2023-04-14,1.1.4.359,60,2,2,5,1,3,3,1,1,1,0,0,1,0,0,1,1,1,1,1,2023-04-26 08:23:00,0, 10 mins,
415,roger_quispe,2023-04-14,1.1.4.161,52,2,3,5,1,2,3,3,1,1,0,0,1,0,0,1,1,1,2,0,2023-04-26 09:24:00,0, 12 mins,
416,roger_quispe,2023-04-14,1.1.1.1391,40,1,1,3,2,1,3,1,1,1,0,0,1,0,0,1,1,1,2,0,2023-04-26 10:06:00,0, 12 mins,
417,jacqueline_cardenas,2023-04-14,1.1.4.378,68,2,3,5,1,3,1,2,1,99,0,0,1,0,0,1,1,1,2,0,2023-04-26 08:01:00,0,  5 mins,
418,jacqueline_cardenas,2023-04-14,1.1.4.530,63,2,2,4,1,2,3,2,2,1,0,0,1,0,0,1,1,1,1,0,2023-04-26 08:35:00,0,  6 mins,
419,jacqueline_cardenas,2023-04-14,1.1.1.175,48,1,2,3,2,1,1,3,1,1,0,0,1,0,0,1,0,1,2,0,2023-04-26 11:02:00,0,  5 mins,
420,jacqueline_cardenas,2023-04-14,1.1.1.223,25,2,3,5,1,1,3,3,1,1,0,0,1,0,0,1,1,1,3,0,2023-04-26 11:17:00,0,  3 mins,
421,jacqueline_cardenas,2023-04-14,1.1.1.1119,68,1,1,3,1,3,3,1,1,1,0,0,1,0,0,1,1,1,1,0,2023-04-26 11:32:00,0,  5 mins,
422,lina_mollesaca,2023-04-14,1.13.56.808,30,2,2,5,1,1,3,2,1,1,0,0,1,0,0,1,1,1,2,0,2023-04-26 07:48:00,0,  6 mins,
423,lina_mollesaca,2023-04-14,1.13.56.735,39,1,1,5,3,3,3,2,1,1,0,0,1,0,0,1,1,0,2,1,2023-04-26 08:41:00,0,  5 mins,
424,lina_mollesaca,2023-04-14,1.13 56.679,76,1,1,3,3,3,3,2,1,1,0,0,1,0,0,1,1,1,1,1,2023-04-26 09:17:00,0,  4 mins,
425,lina_mollesaca,2023-04-14,1.13.56.660,81,1,1,1,1,2,3,2,1,1,0,0,1,0,0,1,1,0,1,0,2023-04-26 10:25:00,0,  4 mins,
426,lina_mollesaca,2023-04-14,1.13.56.538,49,2,2,4,1,1,3,2,1,1,0,0,1,0,0,1,1,0,2,0,2023-04-26 11:06:00,0,  3 mins,
427,lina_mollesaca,2023-04-14,1.13.56.492,63,1,1,2,2,3,3,3,1,1,0,0,1,0,0,1,1,1,1,0,2023-04-26 12:40:00,0,  7 mins,
428,lina_mollesaca,2023-04-14,1.13.56.481,45,1,1,5,2,3,3,2,1,1,0,0,1,0,0,1,1,0,1,1,2023-04-26 13:18:00,0,  5 mins,
429,maria_palaco,2023-04-14,1.13.38.24,25,2,2,4,2,3,3,1,1,1,0,0,1,0,0,1,1,1,2,0,2023-04-26 09:01:00,0, 19 mins,
430,maria_palaco,2023-04-14,1.13.40.185,66,2,2,3,1,3,3,2,1,1,0,0,1,0,0,1,1,1,3,0,2023-04-26 13:39:00,0, 39 mins,
431,arlet_reyes,2023-04-14,1.10.30.185A,31,1,2,3,1,3,1,2,1,1,0,0,1,99,0,1,1,1,3,0,2023-04-26 08:06:00,0,  4 mins,
432,arlet_reyes,2023-04-14,1.10.35.34,40,1,1,2,1,3,1,1,1,1,99,0,1,0,0,1,1,0,1,0,2023-04-26 09:55:00,0, 36 mins,
433,arlet_reyes,2023-04-14,1.10.31.31,36,2,2,3,1,99,99,2,1,1,0,0,1,99,0,1,1,1,3,0,2023-04-26 11:00:00,0,  4 mins,
434,arlet_reyes,2023-04-14,1.10.26.5,30,2,2,4,1,3,3,2,1,1,99,1,1,99,0,1,1,1,2,0,2023-04-26 13:35:00,0,  6 mins,
435,marjorie_llerena,2023-04-14,1.10.24.5,37,1,2,2,2,2,2,2,1,99,0,0,1,0,0,1,1,1,2,0,2023-04-26 08:25:00,0, 37 mins,
436,marjorie_llerena,2023-04-14,1.10.36.359,45,2,2,3,2,2,2,2,1,1,0,0,1,0,0,1,1,1,2,0,2023-04-26 08:41:00,0, 16 mins,
437,marjorie_llerena,2023-04-14,1.10.35.82,19,2,4,4,1,1,3,2,1,1,0,0,1,0,0,1,1,1,3,0,2023-04-26 08:57:00,0, 16 mins,
438,marjorie_llerena,2023-04-14,1.10.36.126,56,1,1,3,2,1,3,2,1,1,0,0,1,0,0,1,1,1,2,0,2023-04-26 09:45:00,0, 27 mins,
439,marjorie_llerena,2023-04-14,1.10.36.30A,18,1,4,3,1,2,3,2,1,1,0,0,1,0,0,1,1,0,1,0,2023-04-26 12:52:00,0,138 mins,
440,bryan_florez,2023-04-14,1.10.38.569,62,2,2,5,2,1,3,1,2,1,0,0,2,0,0,1,1,1,3,1,2023-04-26 08:46:00,0, 15 mins,
441,bryan_florez,2023-04-14,1.10.38.649,42,2,2,3,5,2,3,3,3,1,0,0,1,0,0,0,0,1,1,0,2023-04-26 08:52:00,0,  6 mins,
442,bryan_florez,2023-04-14,1.10.38.577,65,2,5,5,1,1,3,1,1,1,0,0,1,1,0,1,1,0,2,0,2023-04-26 09:12:00,0, 10 mins,
443,bryan_florez,2023-04-14,1.10.38.1221,72,1,1,4,3,2,3,2,2,1,0,0,1,0,0,1,1,1,2,0,2023-04-26 11:28:00,0, 12 mins,
444,manuel_ysidro,2023-04-14,1.10.38.662,36,2,2,5,3,2,3,3,1,1,0,0,1,0,0,0,1,1,2,99,2023-04-26 09:57:00,0,  9 mins,
445,manuel_ysidro,2023-04-14,1.10.38.607,33,1,2,5,3,2,3,3,1,1,0,0,1,0,0,1,1,1,4,0,2023-04-26 10:12:00,0,  6 mins,
446,manuel_ysidro,2023-04-14,1.10.38.1214,42,2,2,4,2,99,3,4,2,1,0,0,1,0,0,1,1,1,2,0,2023-04-26 11:03:00,0,  8 mins,
447,manuel_ysidro,2023-04-14,1.10.38.1247,56,1,1,3,2,4,3,3,1,1,0,0,1,0,0,1,1,1,1,0,2023-04-26 12:05:00,0, 14 mins,
448,corale,2023-04-17,1.13.78.371,56,1,1,4,1,2,3,1,1,1,0,0,1,0,0,1,1,1,3,0,2023-04-26 08:07:00,0, 48 mins,
449,corale,2023-04-17,1.13.78.353,40,2,2,4,1,3,2,1,1,1,99,0,1,0,0,0,0,1,2,0,2023-04-26 08:58:00,0, 35 mins,
450,corale,2023-04-17,1.13.78.341,28,1,2,4,2,2,3,1,1,1,0,0,1,0,0,1,1,1,2,0,2023-04-26 09:49:00,0, 37 mins,
451,corale,2023-04-17,1.13.78.364,64,1,1,3,1,2,3,2,1,99,0,0,1,0,1,1,1,1,2,0,2023-04-26 10:47:00,0, 41 mins,
452,corale,2023-04-17,1.13.78.183A,77,1,1,3,1,2,3,3,1,1,0,0,1,0,0,1,1,1,2,0,2023-04-26 11:37:00,0, 40 mins,
453,corale,2023-04-17,1.13.78.304,48,1,1,3,1,2,3,2,1,1,0,0,1,0,0,1,1,1,2,0,2023-04-26 12:48:00,0, 42 mins,
454,corale,2023-04-17,1.13.78.311,52,1,3,3,2,1,3,3,1,1,0,0,1,0,0,0,1,1,2,1,2023-04-26 13:23:00,0, 22 mins,
455,corale,2023-04-17,1.13.78.11,45,2,2,4,1,2,3,2,1,1,0,0,1,1,0,1,1,1,2,0,2023-04-26 13:52:00,0, 17 mins,
456,vanessa_rendon,2023-04-17,1.13.76.652,63,1,2,2,3,1,3,3,1,1,0,0,1,0,0,0,1,1,1,0,2023-04-26 12:15:00,0, 11 mins,
457,vanessa_rendon,2023-04-17,1.13.76.654,65,1,1,2,1,3,3,2,2,1,0,0,1,99,0,1,1,1,1,0,2023-04-26 12:32:00,0,  1 mins,no quiso firmar nada
458,vanessa_rendon,2023-04-17,1.13.76.721,45,1,2,4,1,99,99,3,1,1,0,0,1,0,0,1,1,0,2,0,2023-04-26 13:18:00,0, 26 mins,
459,bryan_florez,2023-04-17,1.10.38.1537,27,1,2,3,1,3,1,3,1,0,0,0,1,0,0,0,0,1,4,0,2023-04-26 12:15:00,0,  8 mins,
460,bryan_florez,2023-04-17,1.10.38.1454A,25,2,2,4,2,2,3,2,2,0,0,1,1,0,0,1,1,1,4,0,2023-04-26 12:48:00,0,  7 mins,
461,bryan_florez,2023-04-17,1.10.38.1018,65,2,2,5,1,3,3,2,1,1,0,0,1,0,0,0,1,1,1,0,2023-04-26 13:23:00,0,  7 mins,
462,bryan_florez,2023-04-17,1.10.38.1045,47,1,3,5,4,2,3,3,1,1,0,0,1,0,0,1,1,1,2,0,2023-04-26 13:36:00,0,  7 mins,
463,maria_palaco,2023-04-17,1.13.27.1,31,2,2,99,2,99,99,1,1,1,0,0,1,0,0,1,1,1,2,0,2023-04-26 11:08:00,0, 17 mins,
464,maria_palaco,2023-04-17,1.13.32.124,30,2,2,5,2,3,1,2,1,0,0,0,1,0,0,0,1,1,4,0,2023-04-26 12:33:00,0,  5 mins,
465,junior_vilca,2023-04-17,1.13.25.11,64,1,1,3,2,2,3,2,1,1,0,0,1,0,0,0,0,1,1,0,2023-04-26 08:13:00,0,  9 mins,
466,junior_vilca,2023-04-17,1.13.25.34,56,2,2,3,1,99,99,1,1,99,0,0,1,0,0,99,99,1,1,0,2023-04-26 08:37:00,0,  6 mins,
467,junior_vilca,2023-04-17,1.13.33.18,38,2,2,3,2,1,2,2,1,99,0,1,1,0,0,1,1,1,3,0,2023-04-26 09:04:00,0,  8 mins,
468,junior_vilca,2023-04-17,1.13.33.55,36,2,2,99,1,99,99,1,1,99,0,0,1,0,0,1,1,1,4,0,2023-04-26 09:25:00,0,  3 mins,
469,junior_vilca,2023-04-17,1.13.27.58C,80,2,2,3,2,2,3,2,2,1,0,0,1,0,0,1,1,1,1,0,2023-04-26 10:23:00,0,  7 mins,
470,junior_vilca,2023-04-17,1.13.30.30,35,1,1,3,1,2,3,1,1,1,0,0,1,0,1,1,1,1,4,0,2023-04-26 11:40:00,0,  8 mins,
471,junior_vilca,2023-04-17,1.13.30.86,50,1,1,3,1,3,3,1,2,99,0,0,1,0,1,0,0,1,2,1,2023-04-26 12:00:00,0,  5 mins,
472,junior_vilca,2023-04-17,1.13.32.159,45,1,2,5,1,99,99,1,1,0,0,0,1,0,0,0,1,1,4,1,2023-04-26 12:22:00,0,  5 mins,
473,zenaida_carhua,2023-04-17,1.13.105.156,61,1,2,2,1,2,2,2,1,1,0,0,1,0,1,1,1,1,1,0,2023-04-26 11:11:00,0, 10 mins,
474,zenaida_carhua,2023-04-17,1.13.105.324,60,1,3,5,1,99,3,2,1,1,0,0,1,0,0,1,1,0,2,0,2023-04-26 12:08:00,0, 13 mins,
475,zenaida_carhua,2023-04-17,1.13.105.285,49,1,1,2,1,1,3,2,1,1,0,0,1,0,0,1,1,1,2,0,2023-04-26 12:24:00,0, 12 mins,
476,zenaida_carhua,2023-04-17,1.13.105.270,30,1,2,4,1,1,2,3,1,1,0,0,1,0,1,1,1,1,3,0,2023-04-26 13:08:00,0, 13 mins,
477,zenaida_carhua,2023-04-17,1.13.105.262,35,1,1,3,1,2,3,2,1,1,0,0,1,0,1,1,1,1,2,0,2023-04-26 13:24:00,0, 11 mins,
478,marjorie_llerena,2023-04-17,1.10.28.94,45,2,2,3,3,1,2,3,1,99,0,0,1,0,0,1,1,1,2,0,2023-04-26 08:46:00,0, 65 mins,
479,marjorie_llerena,2023-04-17,1.10.28.36,50,1,1,2,2,99,99,4,1,1,0,0,1,0,0,0,0,1,1,0,2023-04-26 09:52:00,0, 58 mins,
480,marjorie_llerena,2023-04-17,1.10.28.21,27,1,2,4,2,99,99,4,1,1,0,0,1,0,0,0,0,1,2,0,2023-04-26 11:31:00,0, 99 mins,
481,jacqueline_cardenas,2023-04-17,1.1.1.983,25,1,4,5,1,2,1,2,1,1,0,0,1,0,0,1,1,1,3,0,2023-04-26 10:09:00,0,  6 mins,
482,jacqueline_cardenas,2023-04-17,1.1.1.811,47,2,3,3,2,1,3,1,1,0,0,0,1,0,0,1,1,1,2,1,2023-04-26 10:28:00,0,  7 mins,
483,jacqueline_cardenas,2023-04-17,1.1.10.454,49,2,2,3,2,4,3,2,1,1,0,0,1,0,1,1,1,1,2,1,2023-04-26 12:13:00,0, 10 mins,
484,jacqueline_cardenas,2023-04-17,1.1.10.440,33,1,3,5,3,1,3,3,1,1,0,0,1,0,0,1,1,1,2,1,2023-04-26 12:25:00,0, 10 mins,
485,jacqueline_cardenas,2023-04-17,1.1.10.415,66,1,1,3,1,1,1,2,1,1,0,0,1,0,0,1,1,1,2,0,2023-04-26 12:39:00,0, 11 mins,
486,jacqueline_cardenas,2023-04-17,1.1.28.730,49,1,1,5,1,4,1,1,1,1,0,0,1,0,0,1,1,1,1,0,2023-04-26 13:29:00,0, 11 mins,
487,jacqueline_cardenas,2023-04-17,1.1.3.447,26,1,1,5,1,2,3,2,1,99,0,0,1,0,0,1,1,1,2,0,2023-04-26 13:53:00,0,  6 mins,
488,jacqueline_cardenas,2023-04-17,1.1.2.173,36,2,3,4,1,1,3,1,1,1,0,0,1,0,0,1,1,1,2,0,2023-04-26 15:37:00,0,  4 mins,
489,junior_vilca,2023-04-18,1.13.24.246,46,2,2,3,2,2,2,2,2,0,0,0,1,0,0,1,1,1,3,0,2023-04-26 08:05:00,0, 12 mins,
490,junior_vilca,2023-04-18,1.13.24.73,36,1,3,3,3,2,3,2,1,1,0,0,1,0,0,0,0,1,3,0,2023-04-26 08:11:00,0,  6 mins,
491,junior_vilca,2023-04-18,1.13.32.125,25,2,2,4,2,2,2,3,2,0,0,0,1,0,0,1,1,1,4,0,2023-04-26 08:44:00,0, 14 mins,
492,junior_vilca,2023-04-18,1.13.32.134,29,2,2,4,1,2,2,2,2,1,0,0,1,0,0,0,1,1,3,0,2023-04-26 08:58:00,0,  6 mins,
493,junior_vilca,2023-04-18,1.13.34.54,32,1,1,3,2,2,3,2,1,99,0,0,1,0,0,1,1,1,1,1,2023-04-26 10:19:00,0, 11 mins,
494,junior_vilca,2023-04-18,1.13.34.8,38,1,1,3,2,1,3,3,2,1,0,1,2,0,0,1,1,1,1,0,2023-04-26 11:04:00,0,  9 mins,
495,bryan_florez,2023-04-18,1.10.38.1381,49,2,2,3,2,1,3,2,1,1,0,0,1,0,0,1,1,1,4,1,2023-04-26 08:03:00,0,  9 mins,
496,bryan_florez,2023-04-18,1.10.38.877,57,2,5,4,2,2,3,2,1,1,0,0,1,0,0,1,1,1,2,0,2023-04-26 11:25:00,0, 21 mins,
497,bryan_florez,2023-04-18,1.10.38.1371,23,1,1,3,2,2,2,3,1,1,0,1,1,0,0,1,1,1,2,1,2023-04-26 12:21:00,0, 12 mins,
498,bryan_florez,2023-04-18,1.10.38.1339,26,2,2,5,1,1,3,2,1,1,0,0,1,0,0,1,1,1,4,0,2023-04-26 12:46:00,0,  5 mins,
499,vanessa_rendon,2023-04-18,1.13.76.318,60,1,1,3,1,3,3,2,2,1,0,0,1,0,0,1,1,1,1,0,2023-04-26 07:35:00,0, 20 mins,
500,vanessa_rendon,2023-04-18,1.13.76.43,69,2,5,5,1,3,3,3,1,1,0,0,1,0,0,1,1,1,1,0,2023-04-26 08:55:00,0, 26 mins,
501,vanessa_rendon,2023-04-18,1.13.75.404,71,2,5,5,3,1,3,2,2,1,0,0,1,0,1,1,1,1,2,0,2023-04-26 09:39:00,0,  9 mins,
502,vanessa_rendon,2023-04-18,1.13.72.124,52,1,2,5,2,2,3,1,1,1,0,0,1,0,0,1,1,1,3,0,2023-04-26 10:17:00,0,  8 mins,
503,vanessa_rendon,2023-04-18,1.13.75.366,52,1,1,5,1,99,99,2,1,99,0,0,1,0,1,1,1,1,1,0,2023-04-26 10:44:00,0,  9 mins,
504,vanessa_rendon,2023-04-18,1.13.74.5,20,2,4,3,1,2,3,2,1,1,0,0,1,0,1,1,1,1,2,1,2023-04-26 11:34:00,0, 18 mins,No se acuerda donde vió  el afiche
505,vanessa_rendon,2023-04-18,1.13.75.119,20,1,4,3,1,2,3,2,1,1,0,0,1,0,0,1,1,1,4,99,2023-04-26 12:44:00,0, 24 mins,
506,vanessa_rendon,2023-04-18,1.13.75.108,33,1,3,5,1,2,3,2,1,1,0,0,1,0,0,1,1,1,3,0,2023-04-26 13:38:00,0, 19 mins,
507,arlet_reyes,2023-04-18,1.13.104.822,23,2,2,4,1,3,2,2,1,1,99,0,1,0,0,1,1,1,4,0,2023-04-26 10:16:00,0,  5 mins,
508,arlet_reyes,2023-04-18,1.13.104.870,63,1,1,3,1,1,1,3,2,1,0,1,1,0,0,1,1,1,1,1,2023-04-26 10:35:00,0,  6 mins,
509,arlet_reyes,2023-04-18,1.13.104.475,40,1,3,5,3,1,1,3,1,0,0,1,1,0,0,1,1,1,2,0,2023-04-26 11:44:00,0, 33 mins,
510,arlet_reyes,2023-04-18,1.13.104.458,37,2,2,3,2,2,3,1,1,1,0,0,1,0,0,1,1,1,2,1,2023-04-26 12:09:00,0,  6 mins,
512,jacqueline_cardenas,2023-04-18,1.1.1.420,34,2,2,5,2,3,3,3,1,1,0,0,1,0,0,1,1,1,2,0,2023-04-26 07:49:00,0,  4 mins,
513,jacqueline_cardenas,2023-04-18,1.8.38.9,65,1,2,2,2,1,3,2,1,1,0,0,1,0,0,1,1,0,1,0,2023-04-26 14:20:00,0,  6 mins,
514,jacqueline_cardenas,2023-04-18,1.8.38.46,20,1,4,4,1,2,3,2,2,0,0,0,1,0,0,1,1,1,2,1,2023-04-26 14:47:00,0,  7 mins,
515,jacqueline_cardenas,2023-04-18,1.1.1.609,38,1,2,3,1,3,2,2,2,1,0,0,1,0,0,1,1,1,1,0,2023-04-26 08:20:00,0,  5 mins,
516,jacqueline_cardenas,2023-04-18,1.8.32.225,24,2,4,5,2,1,2,2,2,1,0,0,1,0,0,1,1,1,3,1,2023-04-26 10:57:00,0,  6 mins,
517,jacqueline_cardenas,2023-04-18,1.8.32.130,60,1,1,4,1,3,3,2,1,1,0,0,1,0,0,0,0,1,1,0,2023-04-26 11:22:00,0,  9 mins,
518,jacqueline_cardenas,2023-04-18,1.8.32.102,64,1,1,3,2,3,2,1,1,1,0,0,1,0,0,0,1,1,2,0,2023-04-26 11:54:00,0,  5 mins,
519,jacqueline_cardenas,2023-04-18,1.8.32.7,78,2,99,99,1,1,1,1,1,1,0,0,1,0,0,1,1,1,1,0,2023-04-26 12:16:00,0,  4 mins,
520,jacqueline_cardenas,2023-04-18,1.8.26.1,40,1,1,4,3,2,3,4,1,1,0,0,1,0,0,1,1,1,2,1,2023-04-26 12:27:00,0,  4 mins,
521,jacqueline_cardenas,2023-04-18,1.8.26.17,69,1,1,3,2,2,3,1,1,1,0,0,1,0,0,0,0,1,1,0,2023-04-26 12:46:00,0,  7 mins,
522,jacqueline_cardenas,2023-04-18,1.8.26.40,66,1,1,4,1,2,2,1,1,0,0,0,1,0,0,1,1,1,1,0,2023-04-26 13:04:00,0,  9 mins,
523,junior_vilca,2023-04-19,1.13.56.276,68,2,1,3,2,1,3,2,1,1,0,0,1,0,1,1,1,1,1,1,2023-04-26 08:05:00,0,  8 mins,
524,junior_vilca,2023-04-19,1.13.56.267A,45,2,2,3,1,3,1,1,1,99,0,0,1,0,0,1,1,1,3,0,2023-04-26 08:21:00,0,  8 mins,
525,junior_vilca,2023-04-19,1.13.56.287,34,1,1,4,3,1,1,2,2,1,0,0,1,0,0,1,1,1,2,0,2023-04-26 08:45:00,0, 10 mins,
526,junior_vilca,2023-04-19,1.13.56.229,39,1,1,3,2,1,3,2,1,1,0,0,1,0,0,1,1,1,2,0,2023-04-26 09:19:00,0, 13 mins,
527,junior_vilca,2023-04-19,1.13.56.217,38,2,2,3,1,1,2,2,2,1,0,0,1,0,1,1,1,1,3,1,2023-04-26 09:30:00,0,  8 mins,
528,junior_vilca,2023-04-19,1.13.56.111,40,2,2,4,4,1,3,3,2,1,0,0,1,0,0,1,1,1,2,0,2023-04-26 10:57:00,0, 52 mins,
529,junior_vilca,2023-04-19,1.13.56.82,56,1,1,3,4,1,3,2,2,1,0,0,1,0,0,0,0,1,1,0,2023-04-26 11:22:00,0, 17 mins,
530,junior_vilca,2023-04-19,1.13.56.163,27,2,2,3,3,1,3,3,2,1,0,0,1,0,0,0,0,1,3,0,2023-04-26 12:20:00,0,  8 mins,
531,junior_vilca,2023-04-19,1.13.56.149,38,2,2,3,1,1,3,2,2,1,0,0,1,0,0,0,1,1,3,0,2023-04-26 12:33:00,0, 11 mins,
532,arlet_reyes,2023-04-19,1.13.105.194,50,2,2,5,2,99,99,2,1,0,0,0,1,0,0,1,1,1,1,0,2023-04-26 08:17:00,0, 60 mins,
533,arlet_reyes,2023-04-19,1.13.104.511,55,1,1,2,1,3,3,2,1,1,0,0,1,0,0,1,1,1,1,0,2023-04-26 09:40:00,0, 77 mins,
534,arlet_reyes,2023-04-19,1.13.105.423,51,2,2,3,1,99,99,2,1,1,99,0,1,99,0,1,1,0,1,0,2023-04-26 10:08:00,0,  5 mins,
535,arlet_reyes,2023-04-19,1.13.104.939,20,1,4,5,1,1,2,2,1,0,0,0,1,0,0,0,1,1,4,0,2023-04-26 10:27:00,0, 11 mins,
536,arlet_reyes,2023-04-19,1.13.105.388,60,1,2,3,1,2,2,3,1,1,99,0,1,0,0,1,1,1,1,0,2023-04-26 11:24:00,0, 34 mins,
537,arlet_reyes,2023-04-19,1.13.105.417,24,2,3,3,1,1,2,2,1,1,0,0,1,0,0,1,1,1,2,0,2023-04-26 11:59:00,0, 14 mins,
538,arlet_reyes,2023-04-19,1.13.105.502,64,2,2,3,2,1,3,2,1,1,99,0,1,0,0,1,1,1,1,0,2023-04-26 13:03:00,0, 11 mins,
539,bryan_florez,2023-04-19,1.10.38.424,64,2,2,5,3,2,2,2,2,1,0,0,1,0,0,1,1,1,4,0,2023-04-26 07:27:00,0,  4 mins,
540,bryan_florez,2023-04-19,1.10.38.783,34,2,3,5,4,1,3,3,1,1,0,0,1,0,0,1,1,1,2,0,2023-04-26 08:56:00,0,  5 mins,
541,bryan_florez,2023-04-19,1.10.38.1619,64,2,2,2,1,3,2,2,1,1,0,0,1,0,0,0,1,1,1,0,2023-04-26 10:10:00,0,  5 mins,
542,bryan_florez,2023-04-19,1.10.38.1678,52,2,2,5,2,2,3,2,1,1,0,0,1,0,0,1,1,1,2,0,2023-04-26 10:25:00,0,  8 mins,
543,bryan_florez,2023-04-19,1.10.38.1468,20,1,4,5,1,99,99,1,1,0,0,0,1,0,0,1,1,1,4,0,2023-04-26 11:45:00,0,  7 mins,
544,bryan_florez,2023-04-19,1.10.38.1443,26,1,3,4,4,2,3,2,1,1,0,0,1,0,0,1,1,1,4,0,2023-04-26 11:55:00,0,  3 mins,
545,bryan_florez,2023-04-19,1.10.38.457,51,2,2,5,1,1,3,1,1,1,0,0,1,0,0,1,1,1,1,1,2023-04-26 13:34:00,0,  5 mins,
546,vanessa_rendon,2023-04-19,1.13.76.241,59,1,1,5,1,2,3,2,1,1,0,0,1,0,0,1,1,1,2,0,2023-04-26 07:25:00,0, 12 mins,
548,vanessa_rendon,2023-04-19,1.13.74.37,70,2,5,3,1,3,1,2,1,1,0,0,1,0,0,1,1,1,2,0,2023-04-26 08:40:00,0, 14 mins,
549,vanessa_rendon,2023-04-19,1.13.70.6,59,2,3,5,2,4,3,2,1,0,0,0,1,0,0,1,1,1,2,1,2023-04-26 09:20:00,0, 15 mins,
550,vanessa_rendon,2023-04-19,1.13.75.31,81,2,5,2,2,4,4,1,1,1,0,0,1,0,0,0,0,1,1,1,2023-04-26 10:07:00,0, 22 mins,La hija firmó el concentimiento
551,vanessa_rendon,2023-04-19,1.13.75.50,19,1,4,3,1,99,99,1,1,0,0,0,1,0,0,1,1,1,4,0,2023-04-26 10:54:00,0, 18 mins,
552,vanessa_rendon,2023-04-19,1.13.80.10,63,1,2,3,2,2,3,2,1,1,99,0,1,0,0,0,1,1,1,0,2023-04-26 12:04:00,0, 41 mins,
553,vanessa_rendon,2023-04-19,1.13.80.208,64,1,2,3,2,2,3,2,2,1,0,0,1,0,0,0,1,1,2,1,2023-04-26 12:57:00,0, 23 mins,No quiso firmar nada por ser inquilina
554,vanessa_rendon,2023-04-19,1.13.79.24,56,2,3,5,2,3,3,2,1,1,0,0,1,0,0,1,1,1,4,0,2023-04-26 13:57:00,0, 18 mins,
555,jacqueline_cardenas,2023-04-19,1.8.25.10,34,2,2,5,1,99,99,1,1,99,0,0,1,0,0,1,1,1,4,0,2023-04-26 07:55:00,0,  7 mins,
556,jacqueline_cardenas,2023-04-19,1.8.13.352,58,1,5,4,1,2,3,1,1,99,1,0,1,0,0,0,1,1,1,0,2023-04-26 12:21:00,0,  4 mins,
557,jacqueline_cardenas,2023-04-19,1.8.38.71,39,1,2,5,1,1,3,2,1,1,0,0,1,0,0,1,1,1,2,0,2023-04-26 13:05:00,0,  4 mins,
558,jacqueline_cardenas,2023-04-19,1.8.38.138,70,2,5,5,1,2,1,1,1,1,0,0,1,0,0,1,1,1,1,0,2023-04-26 13:32:00,0,  5 mins,
559,jacqueline_cardenas,2023-04-19,1.8.38.128,46,1,2,4,1,1,3,2,1,0,0,0,1,0,0,1,1,1,2,0,2023-04-26 13:50:00,0,  6 mins,
560,jacqueline_cardenas,2023-04-19,1.8.25.36,33,2,2,4,4,3,3,2,1,1,0,0,1,0,0,1,1,1,2,0,2023-04-26 08:17:00,0,  8 mins,
561,jacqueline_cardenas,2023-04-19,1.8.25.48,50,1,1,5,2,3,3,3,1,1,0,0,1,0,0,1,1,1,2,0,2023-04-26 08:35:00,0,  5 mins,
562,jacqueline_cardenas,2023-04-19,1.8.31.4,35,2,2,4,2,3,3,2,1,1,0,0,1,0,0,1,1,1,3,0,2023-04-26 08:58:00,0,  5 mins,
563,jacqueline_cardenas,2023-04-19,1.8.32.282,27,1,2,4,1,1,3,2,1,1,0,0,1,0,0,1,1,1,4,1,2023-04-26 09:56:00,0,  4 mins,
564,jacqueline_cardenas,2023-04-19,1.8.32.143,23,2,3,3,1,1,3,1,1,1,0,0,1,0,0,1,1,1,1,1,2023-04-26 10:51:00,0,  4 mins,
565,jacqueline_cardenas,2023-04-19,1.8.32.109,65,1,1,3,2,1,3,2,1,1,0,0,1,0,0,1,0,1,1,1,2023-04-26 11:06:00,0,  5 mins,
566,jacqueline_cardenas,2023-04-19,1.8.13.314,48,1,2,4,2,3,3,2,1,1,0,0,1,0,0,1,1,1,2,0,2023-04-26 11:42:00,0,  4 mins,
567,jacqueline_cardenas,2023-04-19,1.8.13.326,67,2,3,3,1,2,3,2,1,1,0,0,1,0,0,0,1,1,1,0,2023-04-26 12:10:00,0,  3 mins,
568,vanessa_rendon,2023-04-20,1.13.76.555,60,2,3,5,4,1,3,4,1,1,0,0,1,0,0,1,1,1,2,1,2023-04-26 07:46:00,0, 38 mins,es el mercado de Manual Prado
569,vanessa_rendon,2023-04-20,1.13.76.554,58,1,2,5,2,2,3,1,1,1,0,0,1,0,1,0,1,1,2,0,2023-04-26 08:19:00,0, 14 mins,
570,vanessa_rendon,2023-04-20,1.13.77.12,34,2,3,5,1,2,3,3,2,0,0,0,1,0,0,1,1,1,4,0,2023-04-26 08:41:00,0,  7 mins,
571,vanessa_rendon,2023-04-20,1.13.76.525,50,1,2,5,1,2,3,1,1,1,0,0,1,0,0,1,1,1,2,0,2023-04-26 09:09:00,0,  9 mins,
572,vanessa_rendon,2023-04-20,1.13.76.502,64,2,2,5,1,99,99,1,1,1,0,0,1,1,0,1,1,1,1,0,2023-04-26 09:26:00,0, 11 mins,solo va al mercado diariamente
573,vanessa_rendon,2023-04-20,1.13.75.146,53,1,2,3,2,3,1,4,2,1,0,0,1,0,0,1,1,1,4,1,2023-04-26 10:43:00,0,  9 mins,Es tienda
574,vanessa_rendon,2023-04-20,1.13.75.102,32,1,2,5,2,2,3,2,1,1,0,0,1,0,0,1,1,1,2,0,2023-04-26 11:07:00,0, 10 mins,
575,vanessa_rendon,2023-04-20,1.13.75.30,73,2,2,5,1,3,3,3,2,1,0,0,1,0,0,1,1,1,2,0,2023-04-26 11:28:00,0, 13 mins,
576,vanessa_rendon,2023-04-20,1.13.75.5,40,1,2,5,2,1,3,3,2,1,0,0,2,0,0,1,1,1,4,1,2023-04-26 11:43:00,0,  5 mins,
577,junior_vilca,2023-04-20,1.13.57.178,30,2,3,5,3,1,3,2,1,1,0,1,1,0,0,1,1,1,4,0,2023-04-26 08:02:00,0,  8 mins,
578,junior_vilca,2023-04-20,1.13.80.93,46,2,2,4,3,3,2,2,1,0,0,0,1,0,0,1,1,1,3,0,2023-04-26 12:50:00,0, 12 mins,
579,junior_vilca,2023-04-20,1.13.80.113,30,1,3,5,1,3,1,2,1,1,0,0,1,0,0,1,1,1,4,0,2023-04-26 13:12:00,0, 12 mins,
580,junior_vilca,2023-04-20,1.13.80.77,57,1,1,3,1,2,3,2,1,0,0,0,1,0,0,0,0,1,1,0,2023-04-26 13:44:00,0, 15 mins,
581,junior_vilca,2023-04-20,1.13.57.119,51,1,2,3,1,1,3,1,1,1,0,0,1,0,0,1,1,1,3,0,2023-04-26 08:29:00,0, 15 mins,
582,junior_vilca,2023-04-20,1.13.57.106,58,2,2,3,2,1,2,2,2,1,0,0,1,0,0,1,1,1,2,0,2023-04-26 08:44:00,0,  6 mins,
583,junior_vilca,2023-04-20,1.13.57.95,43,1,1,4,1,1,3,3,1,0,0,0,1,0,1,1,1,1,3,1,2023-04-26 09:04:00,0, 11 mins,
584,junior_vilca,2023-04-20,1.13.57.82,35,2,2,5,3,1,3,3,1,1,0,0,1,0,0,1,1,1,1,1,2023-04-26 09:32:00,0, 23 mins,
585,junior_vilca,2023-04-20,1.13.57.34,34,2,2,4,3,3,3,3,2,1,0,0,1,0,0,1,1,1,3,0,2023-04-26 10:00:00,0,  7 mins,
586,junior_vilca,2023-04-20,1.13.57.3,28,1,1,3,3,3,3,2,1,1,0,0,1,0,0,1,1,1,3,0,2023-04-26 10:24:00,0, 10 mins,
587,junior_vilca,2023-04-20,1.13.60.45,41,1,3,5,1,1,3,3,1,1,0,1,1,0,0,0,1,1,2,0,2023-04-26 11:28:00,0, 16 mins,Entrevista fue a la directora de la institución
588,junior_vilca,2023-04-20,1.13.60.118,27,1,3,5,4,3,3,3,2,1,0,0,1,0,0,1,1,1,3,0,2023-04-26 11:48:00,0, 15 mins,
589,arlet_reyes,2023-04-20,1.13.105.393,43,1,1,3,1,1,3,2,1,1,0,0,1,0,0,1,1,1,2,0,2023-04-26 08:21:00,0, 59 mins,
590,arlet_reyes,2023-04-20,1.13.105.487,63,1,1,2,1,2,2,2,1,1,0,0,1,99,0,1,1,1,1,0,2023-04-26 08:47:00,0,  7 mins,
591,arlet_reyes,2023-04-20,1.13.105.512,46,1,2,5,3,2,3,2,1,1,0,0,1,0,0,1,1,1,2,1,2023-04-26 09:49:00,0, 45 mins,
592,arlet_reyes,2023-04-20,1.13.105.271,36,1,2,4,1,99,99,2,1,1,0,0,1,0,0,1,1,1,4,0,2023-04-26 10:15:00,0,  3 mins,
593,arlet_reyes,2023-04-20,1.13.104.672,36,1,1,4,2,99,3,3,1,0,0,0,1,99,0,1,1,1,3,1,2023-04-26 13:58:00,0,  4 mins,
594,bryan_florez,2023-04-20,1.10.38.1358,62,1,3,5,4,1,3,2,1,1,0,0,1,0,0,1,1,0,3,0,2023-04-26 07:21:00,0,  4 mins,
595,bryan_florez,2023-04-20,1.10.38.273,39,2,3,5,1,1,3,1,1,1,0,0,1,0,0,1,1,1,4,1,2023-04-26 07:52:00,0,  3 mins,
596,bryan_florez,2023-04-20,1.10.38.207,50,1,2,4,2,99,99,2,1,1,0,0,1,0,0,0,1,1,1,1,2023-04-26 08:08:00,0, 10 mins,
597,bryan_florez,2023-04-20,1.10.38.94,62,2,2,2,1,1,3,1,1,1,0,0,1,0,0,1,1,0,1,0,2023-04-26 08:23:00,0,  8 mins,
598,bryan_florez,2023-04-20,1.10.38.420,38,2,2,5,1,3,3,2,1,1,0,0,1,0,0,1,1,1,2,0,2023-04-26 08:42:00,0,  3 mins,
599,bryan_florez,2023-04-20,1.10.38.1030,35,1,2,5,3,3,1,2,2,1,0,0,1,0,0,1,1,1,4,0,2023-04-26 10:01:00,0,  3 mins,
600,jacqueline_cardenas,2023-04-20,1.8.32.84,45,2,3,5,1,2,3,1,1,1,0,0,1,0,0,1,1,1,2,0,2023-04-26 08:27:00,0,  4 mins,
601,jacqueline_cardenas,2023-04-20,1.8.13.221,70,2,5,5,1,3,3,2,1,1,0,0,1,0,0,1,1,0,2,0,2023-04-26 09:23:00,0,  4 mins,
602,jacqueline_cardenas,2023-04-20,1.8.13.208,77,1,1,4,1,2,3,1,1,1,0,0,1,0,0,1,1,0,1,0,2023-04-26 09:45:00,0,  5 mins,
603,jacqueline_cardenas,2023-04-20,1.8.33.94,79,1,5,5,2,99,99,2,1,1,0,0,1,0,0,1,1,1,1,0,2023-04-26 11:44:00,0, 79 mins,
604,jacqueline_cardenas,2023-04-20,1.8.33.109,33,1,3,5,2,3,3,2,2,1,0,0,1,0,0,1,1,1,3,0,2023-04-26 12:45:00,0,132 mins,
605,jacqueline_cardenas,2023-04-20,1.8.33.51,50,1,1,3,1,3,3,1,1,1,0,0,1,0,0,1,1,1,1,0,2023-04-26 13:04:00,0,  6 mins,
606,jacqueline_cardenas,2023-04-20,1.8.13.72,45,1,2,4,2,1,3,1,1,1,0,0,1,0,0,0,1,1,2,0,2023-04-26 13:32:00,0,  6 mins,
607,jacqueline_cardenas,2023-04-20,1.8.13.6,34,1,1,3,1,2,99,2,1,1,0,0,1,0,0,1,1,1,4,1,2023-04-26 14:18:00,0,  5 mins,
608,jacqueline_cardenas,2023-04-21,1.8.13.262,20,2,7,3,1,2,3,2,1,1,0,0,1,0,0,0,0,1,1,0,2023-04-26 09:56:00,0,  6 mins,
609,jacqueline_cardenas,2023-04-21,1.8.33.87,62,1,1,99,1,1,3,3,1,1,0,0,1,0,0,1,1,1,1,0,2023-04-26 10:10:00,0,  4 mins,
610,jacqueline_cardenas,2023-04-21,1.8.13.176,19,2,4,4,1,2,2,1,1,1,0,0,1,0,0,1,1,1,4,0,2023-04-26 10:32:00,0,  4 mins,
611,jacqueline_cardenas,2023-04-21,1.8.32.92,39,2,3,4,1,2,1,1,1,1,0,0,1,0,0,1,1,1,2,0,2023-04-26 11:25:00,0,  6 mins,
612,jacqueline_cardenas,2023-04-21,1.8.32.4,77,1,1,3,1,3,1,2,1,1,0,0,1,0,0,1,1,0,1,0,2023-04-26 11:36:00,0,  6 mins,
613,arlet_reyes,2023-04-21,1.13.105.424,21,2,4,5,1,99,99,2,2,1,99,0,1,0,0,1,1,1,4,0,2023-04-26 08:27:00,0,  4 mins,
614,arlet_reyes,2023-04-21,1.13.104.545,20,2,4,4,2,2,3,2,1,1,0,0,1,99,0,1,0,1,4,0,2023-04-26 09:01:00,0,  6 mins,
615,arlet_reyes,2023-04-21,1.13.104.832,40,1,1,4,2,1,2,3,1,1,0,0,1,0,0,1,1,0,2,1,2023-04-26 09:24:00,0,  3 mins,
616,bryan_florez,2023-04-21,1.13.104.248,29,2,2,4,2,2,3,3,2,1,0,0,1,0,0,1,0,1,2,0,2023-04-26 09:21:00,0,  4 mins,
617,bryan_florez,2023-04-21,1.13.104.405,27,2,2,4,4,1,2,2,2,1,0,0,1,0,0,1,1,1,2,0,2023-04-26 10:51:00,0,  4 mins,
618,bryan_florez,2023-04-21,1.13.104.384,27,2,3,5,3,1,3,3,2,1,0,0,1,0,0,1,1,1,4,0,2023-04-26 11:01:00,0,  3 mins,
619,bryan_florez,2023-04-21,1.13.104.361,65,1,1,2,4,1,3,2,2,1,0,0,1,0,0,1,1,1,1,0,2023-04-26 11:11:00,0,  5 mins,